"Naming Convention","Priority","Persona","Angle ","Sub-Angles","Primary Benefits","Description","Emotional Fear","Problem>Solution>Promise","Before / After Frameworks","Example Headline","Example Testimonial","Example UGC Hook","Key Points / Framing","Objections","","","","","","","","","","","","","","","","",""
"GG-02","1","Women 30-50+","The Uninvited Guests","The 2-Year Flush","Gut Cleansing · Microbiome Balance · Regularity · Immune Support","The ultimate gross-out scroll stopper. Your colon is holding onto years of backed-up waste, mucoid plaque, and parasites. When a real gut cleanse hits, it ALL comes out — and the color, texture, and sheer volume will shock you. This is the #1 performing UGC format: bathroom confessional + 'you won't believe what came out of me.'","You're walking around with pounds of rotting, years-old waste compacted inside you right now. Every meal you eat is sitting on top of waste from 2019. Your body is literally poisoning itself from the inside — and you've normalized it because you don't know what 'clean' feels like anymore.","PROBLEM:
 You haven't had a real, complete elimination in years. Maybe ever. You go a little bit every few days and think that's normal. Meanwhile your colon is holding 5-15 pounds of compacted waste — some of it years old. It's fermenting, feeding parasites, leaking toxins into your bloodstream, and making your belly look 6 months pregnant.
 
 SOLUTION:
 Gut Guardian's organic fiber draws water into the colon to soften years of compacted waste. The 3-strain probiotics rebalance your microbiome so your gut actually moves again. Ginger stimulates motility. ACV creates an environment hostile to parasites. Within days, your body starts flushing what's been stuck — and the volume and color will tell you exactly how backed up you were.
 
 PROMISE:
 Within the first week, you'll have the most productive bathroom sessions of your life. Stuff you didn't know was in there will come out. Your belly will visibly shrink. Your energy will spike. And you'll finally know what 'empty' actually feels like.","BEFORE: Going once every 3-4 days — a little rabbit pellet situation
 AFTER: Going 2-3 times a day, full clean-outs that leave you feeling 5 pounds lighter
 
 BEFORE: Belly bloated so bad you look pregnant by noon
 AFTER: Waking up with a flat stomach because there's nothing stuck in there anymore
 
 BEFORE: Greenish, dark, foul-smelling — clearly old stuff coming out
 AFTER: Clean, smooth, healthy color — your gut is finally caught up
 
 BEFORE: Exhausted, brain fog, can't focus — toxins recirculating from backed-up waste
 AFTER: Clear-headed, energized, sleeping better — your body isn't fighting its own waste anymore","1. Your Colon Is Holding 2 Years of Old Poop Right Now. Here's How to Flush It.
 
 2. I Pooped Out Things That Were Stuck Inside Me for YEARS. The Color Alone Will Haunt You.
 
 3. So Much Came Out I Had to Flush 3 Times. This Gut Cleanse Is Not for the Faint of Heart.
 
 4. Day 4 of This Gut Cleanse: Why Is It Greenish Yellow??? Apparently That's the Old Stuff.
 
 5. My Trainer Said 'You're Carrying 10 Pounds of Old Poop.' I Didn't Believe Him Until Day 3.
 
 6. I'm Never Going Back to 'Normal.' This Gut Cleanse Showed Me I Was Never Actually Pooping.
 
 7. You're Not Bloated. You're Full of 2-Year-Old Waste. Here's the Proof.
 
 8. POV: You Just Flushed Out What's Been Rotting Inside You Since 2022.","I'm not even gonna sugarcoat this. I've been taking this gut cleanse for a week and the stuff coming out of me is a greenish yellowish color. Like that is NOT from last night's dinner. That's OLD. I didn't even know that was in there. I've already lost 2 inches off my waist and I haven't changed a single thing except drinking this every morning. I'm literally pooping away my belly.","Hook 1: I need to tell you something disgusting. After one week on this gut cleanse, the stuff coming out of me is a color I've never seen before. Apparently that's YEARS of old waste finally moving.
 
 Hook 2: POV: You're sitting on the toilet wondering how there's STILL MORE after day 5 of this gut cleanse. Like where was all this hiding???
 
 Hook 3: My trainer told me I'm carrying 5-15 pounds of old poop. I laughed. Then I started this gut cleanse and I haven't stopped going for a week straight. He was right.
 
 Hook 4: This is embarrassing but I don't care anymore — I've pooped more in the last 5 days than I have in the last 5 months. And my stomach is VISIBLY flatter. What was IN me???
 
 Hook 5: Get rid of 2 year old poop and parasites. First of all my poop is coming out like water. Second of all the COLOR. Third of all I've lost the bloat in 4 days. This gut cleanse is not playing.","✓ Top-performing UGC format across all gut health brands — bathroom confessional + shock at what came out
 
 ✓ The word 'years' in 'years of old poop' creates primal disgust + urgency to act NOW
 
 ✓ Color/texture descriptions (greenish, yellowish, dark) are the ultimate scroll stoppers — people can't look away
 
 ✓ Bridges parasites AND constipation into one visceral narrative — no need to choose
 
 ✓ Volume shock ('so much came out', 'had to flush 3 times') implies the product WORKS dramatically
 
 ✓ Vanity payoff (belly shrinkage) gives rational permission to share a gross video","Q: ""This sounds like it'll give me diarrhea.""
 A: It's not a laxative — it's fiber + probiotics. It softens and moves what's compacted, not what you just ate. After the initial flush (first 3-5 days), your body regulates to clean, smooth, daily eliminations.
 
 Q: ""There's no way I have 'years old' poop inside me.""
 A: Your colon has pockets and folds that trap waste for months or years. If you're not having 1-2 complete eliminations daily, it's accumulating. The color and volume in the first week tells you exactly how backed up you were.
 
 Q: ""This seems too dramatic / exaggerated.""
 A: Go read the reviews. Thousands of people describe the exact same thing — the volume, the color, the belly shrinkage. We're not exaggerating. Most people just don't know what a real gut cleanse does because they've never done one.
 
 Q: ""I already take Metamucil / fiber supplements.""
 A: Metamucil adds bulk but doesn't address the microbiome, parasites, or gut motility. That's like adding more cars to a traffic jam. Gut Guardian clears the road AND adds the right bacteria to keep it clear.","","","","","","","","","","","","","","","","",""
"GG-03","2","Women 30-50+","Lose the Kangaroo Pouch","The Waistline Hack","Bloating Relief · Visible Belly Reduction · Gut Inflammation · Weight Management","The only sub-angle in the set that leads with the WIN. This is the celebratory, almost bragging, results-first positioning: 'I pooped away my waistline and I'm not even embarrassed.' Framed as a fitness shortcut — trainer-recommended, body transformation without diet or exercise. The tone is proud, surprised, slightly incredulous. She's not complaining about a problem — she's showing off a result that came from the most unexpected place: the toilet. This is the aspirational anchor that makes the problem-first sub-angles land harder by contrast.","She's tried everything to shrink her waist — diets, workouts, waist trainers, calorie counting. Nothing moved the needle on that stubborn lower belly. The fear is that she's just 'built that way' now — that her body has permanently changed and there's nothing left to try. The idea that she could literally POOP her way to a smaller waist sounds too stupid to be real. Which is exactly why it stops the scroll.","PROBLEM:
 She's been doing crunches, planks, cardio, eating clean — and the waistline won't budge. She's spent money on trainers, gym memberships, waist trainers, shapewear. The belly isn't responding to any of it because the belly isn't fat. It's backed-up waste, gut inflammation, and bloating from a microbiome that's out of balance. She's training on top of a full colon and wondering why she can't see results.
 
 SOLUTION:
 Gut Guardian clears the backed-up waste that's physically distending her belly. The 4g organic soluble fiber sweeps compacted waste. The 3 probiotic strains reduce gas and inflammation that causes visible bloating. The organic ginger stimulates motility so everything moves through daily. Once the gut is actually emptying, the waistline she's been training for finally shows up — not because she lost fat, but because the physical obstruction is gone.
 
 PROMISE:
 A visibly smaller waist without changing your diet or workout — just by finally, completely emptying your gut every single morning.","BEFORE: Doing crunches on top of a colon full of old waste — abs are there but buried
 AFTER: Gut cleared out, waistline visible, abs actually showing for the first time
 
 BEFORE: Spending $150/month on a trainer and still has the belly pouch
 AFTER: One $39 packet a day did what $150/month in personal training couldn't
 
 BEFORE: Embarrassed to post progress pics because the belly won't cooperate
 AFTER: Posting waistline transformation pics she's actually PROUD of
 
 BEFORE: Thinks her body is just 'shaped that way' now after 40
 AFTER: Realizes her body was never the problem — her colon was just full
 
 BEFORE: Waist trainer squeezing her gut in for photos, takes it off and the belly comes back
 AFTER: Doesn't need a waist trainer because there's nothing to compress anymore","1. I Have Pooped Away My Waistline and I'm Not Even Embarrassed to Say That.
 
 2. My Trainer Said Fix Your Gut Before We Train Your Abs. She Was Right.
 
 3. Never Knew I Could Become Best Friends With the Toilet. But Here We Are.
 
 4. I Lost 3 Inches Off My Waist by Pooping. Not Dieting. Not Crunches. POOPING.
 
 5. Yes I Spend an Extra 10 Minutes in the Bathroom. But My Waistline Is Looking Like My 20s.
 
 6. She Didn't Get a Tummy Tuck. She Didn't Do a Juice Cleanse. She Just Started Pooping Every Day.
 
 7. The Fitness Hack Nobody Talks About Because It's Too Embarrassing. But It WORKS.
 
 8. POV: Your Waist Gets Smaller Every Week and All You Did Was Start Pooping Properly.","Never knew I could become best friends with the toilet but here I am. I have literally pooped away my waistline. My fitness trainer told me to fix my gut before we even touched abs and she was 100% right. I started Gut Guardian — you just pour this packet in some water once a day, taste amazing — and within 2 weeks my waist was visibly smaller. Yes I may spend an extra 10 minutes in the bathroom but my waistline is looking like it did in my 20s and I didn't do a single extra crunch. I've had people ask me what surgery I got. Ma'am I just POOPED.","Hook 1: Never knew I could become best friends with the toilet 🚽 I have pooped away my waistline and I am NOT embarrassed about it.
 
 Hook 2: My fitness trainer told me to fix my gut before we train abs. She handed me this green packet. I've lost 3 inches off my waist by POOPING.
 
 Hook 3: Yes I may spend an extra 10 minutes in the bathroom. But my waistline is looking like it did in my 20s. Worth it.
 
 Hook 4: The fitness hack nobody talks about because it involves pooping. But I lost more inches off my waist from THIS than from 6 months of crunches.
 
 Hook 5: POV: You start a gut cleanse because your trainer recommended it and you accidentally get the waistline you've been chasing for 5 years. All because you finally started pooping properly.","✓ ONLY results-first / celebratory sub-angle in the entire Kangaroo Pouch set — critical for ad variety and positive-frame testing
 
 ✓ Directly mirrors top-performing UGC language: 'pooped away my waistline,' 'best friends with the toilet,' 'extra 10 minutes in the bathroom'
 
 ✓ Fitness trainer recommendation framing adds authority without medical claims — positions GG as a fitness product, not a medical one
 
 ✓ The 'I just POOPED' punchline is inherently shareable — built for comments, saves, and shares
 
 ✓ Works as a response/duet format: 'what's your biggest fitness hack?' → 'I pooped away my waistline'
 
 ✓ Expands creative casting beyond problem-sufferers to fitness-adjacent, results-oriented creators","Q: ""You can't 'poop away' your waistline. That's not how bodies work.""
 A: If your colon is holding 5-15 pounds of compacted waste and your gut is inflamed from bacterial imbalance — yes, clearing that out will visibly reduce your waistline. It's not fat loss. It's waste removal. The tape measure doesn't care what you call it.
 
 Q: ""This sounds like a laxative disguised as a fitness product.""
 A: Gut Guardian isn't a laxative. It's organic soluble fiber + probiotics + ginger. Laxatives force your gut. This supports your gut so it works on its own. No cramping, no urgency, no dependency. Just complete, natural elimination every morning.
 
 Q: ""My trainer never mentioned gut health.""
 A: Most trainers focus on calories and reps. But the best ones know that visible abs start with a functioning gut. If you're bloated and backed up, no amount of crunches will give you a flat stomach. Fix the gut first, then train the muscle. The results come twice as fast.
 
 Q: ""10 extra minutes in the bathroom doesn't sound appealing.""
 A: 10 minutes on the toilet vs. 60 minutes doing crunches that don't work because your belly is full of waste. The ROI on those 10 minutes is the best deal in fitness.","","","","","","","","","","","","","","","","",""
"GG-01","","Women 30-50+","The Vacation Backup","The Hotel Bathroom Hostage","Regularity · Bloating Relief · Travel-Ready · Digestive Comfort","Day 3 of vacation and she hasn't gone. She's bloated, cramping, and spending the trip she saved for googling remedies from a hotel bathroom at 2AM. The vacation is happening around her while she's stuck.","The vacation is being ruined. She saved for months. Planned every detail. And now she's spending mental energy on her digestive system instead of the beach, the restaurant, the experience. The deeper fear: this is becoming a pattern. Every trip. Every time she breaks routine, her body punishes her. She's starting to dread travel — not because of the destination, but because of what her gut does when she leaves home. For a woman who's worked her whole life to finally have the freedom to travel, her own body is the thing holding her back.","PROBLEM:
 You saved for this trip. Planned every detail. Then you landed and your gut shut down. It's day 3, you haven't gone, your stomach is bloated and cramping, and you're spending half the trip thinking about what your body ISN'T doing instead of enjoying where you are. You've tried prunes, coffee, water — nothing. And it happens EVERY. SINGLE. TRIP.
 
 SOLUTION:
 Gut Guardian's organic fiber complex (Guar Bean, Acacia, Jerusalem Artichoke) maintains gut motility even when your routine is disrupted. 4 billion live probiotics from 3 clinically-studied strains stabilize your microbiome through diet changes, time zone shifts, and travel stress. Organic ginger soothes bloating and stimulates digestive movement. L-Glutamine protects the gut lining from inflammation caused by unfamiliar foods. Single-serve travel packs go in your carry-on — not your checked bag.
 
 PROMISE:
 Travel without the backup. Pack Gut Guardian like you pack your passport — non-negotiable.","BEFORE: Day 3 of vacation, bloated and miserable, googling remedies
 AFTER: Going every morning like clockwork — even in a different time zone
 
 BEFORE: Spending the trip thinking about your gut instead of the destination
 AFTER: Actually present for every meal, every outing, every moment
 
 BEFORE: Packing Miralax, prunes, and hope
 AFTER: One travel pack of Gut Guardian in your carry-on. Done.","1. Day 3 of Vacation and I Haven't Pooped. My Stomach Looks 6 Months Pregnant.
 
 2. I Just Spent $4,000 on This Trip and I Can't Poop. Someone Help Me.
 
 3. POV: You're Googling 'How to Make Yourself Poop' From Your Hotel Bathroom at 11 PM.
 
 4. Nobody Told Me Vacation Constipation Was a Thing Until I Was Crying in a Resort Bathroom.
 
 5. I Packed Everything Except Something That Would Actually Make Me Poop.
 
 6. My Husband Is at the Pool. I'm in the Bathroom for the 4th Hour Straight. Vacation Is Going Great.
 
 7. The Bloat Got So Bad on Vacation I Had to Buy New Pants at the Airport Gift Shop.","I'm not being dramatic when I say vacation constipation has ruined more trips than bad weather. Last trip I didn't go for 5 DAYS. Five. I was so bloated I couldn't button my shorts. Started bringing Gut Guardian on trips and now I go every single morning like clockwork. Even in a different time zone. This stuff literally saved my vacations.","Hook 1: If you've ever been day 3 of a vacation, bloated out of your mind, googling 'how to poop on vacation' — you need to hear this.
 
 Hook 2: POV: Everyone's heading to the beach and you're in the hotel bathroom trying to will your body into cooperating. I found the fix.
 
 Hook 3: I used to pack Miralax for every trip. Now I pack these little green packets and I poop BETTER on vacation than I do at home. Let me explain.
 
 Hook 4: Raise your hand if vacation constipation has made you cry at least once. Mine was in Cancun. Day 4. Here's what I do now.
 
 Hook 5: My body goes on strike the second I leave my house. Travel constipation is REAL and this gut cleanse is the only thing that's fixed it.","✓ Vacation constipation affects 40% of travelers — higher for women 50+
 
 ✓ Single-serve travel packs designed for carry-on
 
 ✓ Not a laxative — no urgency, no cramping, no bathroom emergencies
 
 ✓ Works WITH disrupted routine instead of requiring perfect conditions
 
 ✓ Costs less than one airport meal per day","Q: ""I just drink extra water and coffee when I travel.""
 A: Most women do. And most women are still backed up by day 3. Water and coffee address hydration, not the microbiome disruption, fiber deficit, and motility slowdown that travel causes. Gut Guardian hits all four.
 
 Q: ""Vacation constipation only lasts a day or two for me.""
 A: For some it does. But for women over 50 — especially those with hormonal digestive changes — it can last 4-7 days with real bloating and cramping. Even if yours is mild, why let it steal any of your trip?
 
 Q: ""I don't want to take something every day on vacation.""
 A: One packet mixed with water in the morning — takes 30 seconds. Less time than waiting for hotel coffee. No urgency, no cramping. It just keeps your gut on schedule.
 
 Q: ""I'll just take a laxative if I need to.""
 A: Laxatives create urgency and cramping — not ideal when you're sightseeing, on a tour bus, or at a restaurant. Gut Guardian maintains gentle, natural regularity. No emergency bathroom runs in a foreign city.","","","","","","","","","","","","","","","","",""
"GG-01","","Women 30-50+","The Vacation Backup","The Airplane Gut","Regularity · Bloating Relief · Travel-Ready · Digestive Comfort","Flying dehydrates you, compresses your abdomen, disrupts circadian rhythm, and changes cabin pressure. Your gut goes on strike before you even land. This sub-angle targets the flight itself as the trigger point — not just the destination.","She's already anxious about flying. Now add the knowledge that every flight is going to wreck her digestion for the next 3-5 days. The fear compounds: it's not just the flight, it's what comes after. She can feel the bloating start mid-air. By the time she lands, her belly is distended and uncomfortable. She knows the next few days are going to be a battle — and she hasn't even left the airport yet.","PROBLEM:
 The flight itself is sabotaging your gut. Cabin pressure changes slow digestion. Recycled air dehydrates your colon. Sitting for hours compresses your abdomen. Time zone shifts confuse your body's natural elimination schedule. By the time you land, you're already behind — bloated, gassy, and your gut has essentially shut down before the vacation even starts.
 
 SOLUTION:
 Take Gut Guardian the morning of your flight. The organic fiber maintains bulk and motility through cabin pressure changes. Probiotics keep your microbiome stable through the stress of travel. Ginger prevents the bloating that starts mid-flight. By the time you land, your gut has the support it needs to keep working on the new schedule.
 
 PROMISE:
 Land ready. Not backed up.","BEFORE: Bloating starts somewhere over the Atlantic
 AFTER: Land feeling the same as when you boarded
 
 BEFORE: First 2 days at the destination are a write-off
 AFTER: Hit the ground running — literally and digestively
 
 BEFORE: Dreading the flight because of what it does to your body
 AFTER: The flight is just a flight, not a gut sentence","1. You Land Bloated, Constipated, and Puffy. It's Not Jet Lag. It's Your Gut Shutting Down at 35,000 Feet.
 
 2. The Airplane Bloat Is Not From the Pretzels. Your Gut Literally Stops Working in Cabin Pressure.
 
 3. I Used to Look 4 Months Pregnant Every Time I Landed. Turns Out My Colon Was Going on Vacation Too.
 
 4. POV: You Just Landed and Your Stomach Is So Bloated You Can't Zip Your Jeans. Every. Single. Flight.
 
 5. Why Does Flying Turn My Stomach Into a Balloon? Finally Got the Answer (and the Fix).
 
 6. My Pre-Flight Routine Used to Be: Pray I Poop Before Boarding. Now I Just Drink This.","I fly every other week for work and I used to land looking like I swallowed a basketball. The bloat was INSANE. Someone told me about this gut cleanse and now I drink one before my flight, one when I land, and I actually poop within hours of arriving. Game. Changed.","Hook 1: If you fly more than twice a year, you NEED to know about airplane gut. Your colon literally slows down at altitude and here's what to do about it.
 
 Hook 2: POV: You just landed looking 6 months pregnant. Again. It's not the airport food. It's cabin pressure destroying your gut motility.
 
 Hook 3: Every frequent flyer needs this in their carry-on. I'm not bloated when I land anymore. Period.
 
 Hook 4: The reason you can't poop for 2 days after flying isn't in your head. Here's the science + the fix.","✓ Cabin pressure reduces gut motility by up to 25%
 
 ✓ Recycled cabin air causes significant dehydration — especially in the colon
 
 ✓ Time zone shifts disrupt the circadian rhythm of your digestive system
 
 ✓ Pre-flight supplementation prevents the cascade rather than treating symptoms after","Q: ""I just drink lots of water on the plane.""
 A: Water helps hydration but doesn't address the motility slowdown, microbiome disruption, or abdominal compression from sitting. You need fiber and probiotics working alongside that water.
 
 Q: ""My flights are only 2-3 hours. It can't be that bad.""
 A: Even short flights cause cabin pressure changes and dehydration that can trigger 2-3 days of digestive disruption for women over 50. The damage isn't proportional to flight time — it's the disruption to your system.","","","","","","","","","","","","","","","","",""
"GG-01","","Women 30-50+","The Vacation Backup","The Grandkid Visit Backup","Regularity · Bloating Relief · Travel-Ready · Digestive Comfort","She flew across the country to see the grandkids. And now she's spending the visit bloated, uncomfortable, and unable to be fully present. The emotional stakes here are higher than any beach vacation — this is family time she can't get back.","This isn't a vacation that can be rebooked. The grandkids are growing up fast. She sees them maybe 3-4 times a year. Every visit matters. And she's wasting this one hunched over on the couch instead of playing on the floor, going to the park, baking cookies together. The fear: she's becoming the grandma who 'doesn't feel well' — and the kids are starting to notice. They're going to associate her visits with her being tired and uncomfortable, not fun and present.","PROBLEM:
 You flew 2,000 miles to see the grandkids. You've got 5 days. And by day 2, the travel constipation has hit. You're bloated, you're cramping, you don't want to eat much because everything sits like a rock. Your daughter asks if you're okay. You say you're fine. But you're spending the visit on the couch instead of the playground. The grandkids want you to play. You want to play. Your gut won't let you.
 
 SOLUTION:
 Gut Guardian's travel packs are built for exactly this. Start the morning of your flight. Fiber keeps motility up through the travel disruption. Probiotics stabilize your system through the diet and routine change. Ginger prevents the bloating before it starts. By the time you arrive, your gut is already supported — so you can be present for every moment with the kids instead of managing your digestive system.
 
 PROMISE:
 Be the grandma who's on the floor playing. Not the grandma who 'doesn't feel well.'","BEFORE: Sitting on the couch while the grandkids play because you're too uncomfortable
 AFTER: On the floor building Legos, chasing them in the yard, fully present
 
 BEFORE: Your daughter keeps asking if you're okay
 AFTER: Your daughter notices you have more energy than last visit
 
 BEFORE: Dreading the visit because of what travel does to your body
 AFTER: Looking forward to every trip because your gut is handled","1. The Grandkids Are Here for a Week and I Can't Get Off the Toilet / Can't Go At All. Pick Your Nightmare.
 
 2. I Spent Half of My Grandkids' Visit Bloated on the Couch Instead of Playing in the Yard.
 
 3. My Body Picks the Worst Times to Stop Working. Like When My Grandkids Come to Visit.
 
 4. I Refuse to Waste Another Visit With My Grandkids Because My Gut Won't Cooperate.
 
 5. Nothing Ruins Grandma Energy Faster Than Not Pooping for 4 Days Straight.
 
 6. I Started This Gut Cleanse 2 Weeks Before the Grandkids Came. Best Decision I Made All Year.","My grandkids come for two weeks every summer and last year I spent half of it miserable. Bloated, uncomfortable, couldn't keep up with them. This year I started Gut Guardian a week before they arrived and I was a different person. Going every morning, flat stomach, actually had the energy to take them to the park. I cried a little honestly.","Hook 1: My grandkids deserve a grandma who can actually keep up. Not one laid out on the couch because she hasn't pooped in 4 days.
 
 Hook 2: The real reason I started this gut cleanse? My granddaughter asked me why my tummy was so big. That was enough.
 
 Hook 3: I'm not letting constipation steal another visit with my grandkids. This gut cleanse gave me my energy back.
 
 Hook 4: POV: Your grandkids are here and you're actually playing with them instead of hiding in the bathroom. Thank you, gut cleanse.","✓ Grandkid visits are emotionally high-stakes — limited time, irreplaceable moments
 
 ✓ Travel disruption + altitude changes + different household diet = guaranteed gut issues
 
 ✓ Being present and active with grandkids requires physical comfort, not just showing up
 
 ✓ The daughter often becomes the secondary buyer — she sees the difference and orders for Mom","Q: ""I can manage for a few days.""
 A: You can. But should you? These visits are already short. Every day you spend managing discomfort is a day you're not fully present with kids who are growing up fast.
 
 Q: ""It's just a little bloating, not a big deal.""
 A: It's enough to keep you on the couch instead of the playground. It's enough for your daughter to notice. It's enough for the grandkids to learn that Grandma always 'doesn't feel good.' The bloating isn't the problem — what it takes from the visit is.","","","","","","","","","","","","","","","","",""
"GG-02","","Women 30-50+","The Uninvited Guests","The Sugar Craving Connection","Gut Cleansing · Microbiome Balance · Regularity · Immune Support","Your sugar cravings might not be yours. Parasites feed on sugar and send signals to your brain demanding more. She's been blaming willpower when the cravings might be coming from something living inside her gut.","She's spent years feeling guilty about sugar cravings — failed diets, broken promises, shame spirals. The idea that the cravings might not be HER — that something in her gut is literally hijacking her appetite — is both terrifying and oddly liberating. The fear: what else are they affecting? If parasites can control her cravings, what are they doing to her energy, her mood, her brain fog?","PROBLEM:
 You've tried willpower. You've tried cutting sugar cold turkey. You've tried substitutes. But every afternoon, like clockwork, the cravings hit and you can't resist. You beat yourself up about it. You feel weak. Here's what nobody told you: parasites in your gut feed on sugar — and they produce chemicals that signal your brain to eat more of it. Your cravings might not be a willpower problem. They might be a parasite problem.
 
 SOLUTION:
 Gut Guardian creates an environment parasites can't thrive in. Organic fiber increases bulk and physically flushes the digestive tract. 4 billion live probiotics crowd out harmful organisms by strengthening beneficial bacteria. Apple Cider Vinegar creates an acidic environment that's hostile to parasites. L-Glutamine repairs the gut lining to prevent recolonization. It's not a kill shot — it's making your gut uninhabitable for anything that shouldn't be there.
 
 PROMISE:
 Starve what's feeding on you. Reclaim your cravings.","BEFORE: 3PM sugar cravings that feel impossible to resist
 AFTER: Cravings fading because what was driving them is gone
 
 BEFORE: Blaming yourself for lack of willpower
 AFTER: Understanding it was never about willpower
 
 BEFORE: Endless diet cycling driven by uncontrollable cravings
 AFTER: Stable appetite, natural food choices, no white-knuckling","1. Your Sugar Cravings Might Not Be Yours. Parasites Literally Hijack Your Brain to Feed Themselves.
 
 2. You Think You Want the Cookie. It's Not You. It's the Things Living in Your Gut Demanding Sugar.
 
 3. I Couldn't Stop Craving Sweets. Then I Did a Gut Cleanse and the Cravings Vanished Overnight. Coincidence?
 
 4. POV: You Just Found Out Parasites Can Control What You Eat. And You Probably Have Them.
 
 5. The Reason You 'Have No Willpower' Around Sugar? It Might Be Parasites. Here's How to Find Out.
 
 6. I Lost 11 Pounds After This Gut Cleanse. Not From Diet. The Sugar Cravings Just... Stopped.
 
 7. 60 Million Americans Have Intestinal Parasites. Most Don't Know It. The #1 Symptom? Uncontrollable Sugar Cravings.","I'm going to say something that sounds crazy but I swear it's true. I was a sugar ADDICT. Couldn't go a day without something sweet. Started this gut cleanse because of bloating and after about 10 days the sugar cravings just... disappeared. Like a switch flipped. I've lost 11 pounds without trying. I think something was literally making me crave sugar and it's not there anymore.","Hook 1: What if I told you your sugar cravings aren't YOUR sugar cravings? Parasites produce chemicals that make your brain crave sugar to feed them. Here's the gut cleanse that starves them out.
 
 Hook 2: I thought I had zero willpower. Turns out I had parasites. After 2 weeks on this gut cleanse my sugar cravings vanished and I lost 11 pounds. I'm not kidding.
 
 Hook 3: The things living in your gut are literally controlling what you eat. If you crave sugar constantly, you need to hear this.
 
 Hook 4: POV: You did a gut cleanse and suddenly you can walk past the cookie aisle without blacking out. The parasites were running the show.
 
 Hook 5: 60 million Americans have parasites and don't know it. The #1 symptom? You can't stop eating sugar. This gut cleanse changed everything for me.","✓ Parasites metabolize sugar and produce neurochemical signals that drive host cravings
 
 ✓ Over 60 million Americans may carry parasitic infections unknowingly
 
 ✓ Sugar cravings are the most relatable entry point into the parasite conversation
 
 ✓ Reframes the narrative from personal failure to biological hijacking","Q: ""I don't have parasites. I'm clean.""
 A: Most people with low-grade parasitic overgrowth have no idea. The symptoms — cravings, bloating, fatigue, brain fog — are so common they get attributed to aging or stress. You don't need a diagnosis to benefit from a gut environment that's hostile to what shouldn't be there.
 
 Q: ""This sounds like pseudoscience.""
 A: The gut-parasite-craving connection is documented in peer-reviewed research. Parasites DO influence host behavior through neurochemical signaling. Gut Guardian doesn't claim to diagnose or treat parasites — it creates an environment (high fiber, strong probiotics, acidic pH) where harmful organisms struggle to thrive.","","","","","","","","","","","","","","","","",""
"GG-02","","Women 30-50+","The Uninvited Guests","The Pet Owner's Blind Spot","Gut Cleansing · Microbiome Balance · Regularity · Immune Support","She kisses her dog. Lets the cat sleep on her pillow. Shares the couch daily. The blind spot: pets are one of the most common transmission vectors for intestinal parasites, and nobody talks about it because nobody wants to think about it.","She loves her pets like family. The idea that the thing she loves most in her house might be the source of her gut problems is deeply uncomfortable. She doesn't want to hear it. But the symptoms line up — the bloating, the irregularity, the fatigue — and she can't un-hear it. The fear: she'll have to change how she interacts with her pet. (She won't — but Gut Guardian means she doesn't have to.)","PROBLEM:
 Your dog licks your face. Your cat walks across your kitchen counter. You share the couch, the bed, the everything. And you've never once thought about what you're sharing besides affection. Pets carry intestinal parasites — roundworms, hookworms, giardia, toxoplasma — that can transfer to humans through casual contact. For women over 50 with weaker gut barriers and lower stomach acid, the risk is real.
 
 SOLUTION:
 Gut Guardian doesn't ask you to stop cuddling your dog. It makes your gut environment hostile to what your pet might be sharing. Fiber physically flushes the tract. Probiotics crowd out harmful organisms. ACV maintains acidic conditions parasites hate. L-Glutamine strengthens your gut lining — the barrier between what gets in and what doesn't.
 
 PROMISE:
 Keep the pet. Lose the parasites. Love your dog without worrying about your gut.","BEFORE: Bloating and fatigue you've blamed on aging or diet
 AFTER: Realizing it might have been your gut environment all along
 
 BEFORE: Never connecting pet contact to digestive symptoms
 AFTER: Understanding the transmission vector and actively defending against it
 
 BEFORE: Choosing between pet affection and gut health
 AFTER: Both. Because your gut is protected.","1. Your Dog Licks Your Face. Your Dog Also Eats Stuff Off the Ground. Do the Math.
 
 2. 67% of Households Have Pets. Almost None of Them Are Deworming Themselves. Just the Pets.
 
 3. You Deworm Your Dog Every 3 Months. When's the Last Time You Dewormed Yourself?
 
 4. Your Cat Walks in a Litter Box Then Walks on Your Pillow. And You Wonder Why Your Gut Is Wrecked.
 
 5. POV: You Just Realized You Share a Bed With an Animal That Carries Parasites. Time for a Gut Cleanse.
 
 6. I Love My Dog More Than Most People. But He Definitely Gave Me Parasites. Here's How I Fixed It.","I have three dogs and they sleep in my bed. I know, I know. My naturopath asked if I'd ever done a gut cleanse and I said no. She said with three dogs I 100% have parasites. I started this and within a week the stuff coming out of me was... concerning. Green, dark, things I'd never seen before. After 3 weeks my bloating was gone. Completely. My energy came back. I think she was right.","Hook 1: If you have pets and you've never done a gut cleanse, I need to tell you something you don't want to hear.
 
 Hook 2: You deworm your dog every 3 months. You've never dewormed yourself. Not once. Here's the gut cleanse that fixed my bloating after 3 years of 'mystery symptoms.'
 
 Hook 3: Three dogs. Zero gut cleanses. Until now. The stuff that came out of me in the first week was TERRIFYING.
 
 Hook 4: POV: Your vet says deworm your pet every 90 days. Your doctor says nothing. This is the disconnect nobody talks about.","✓ Pets are a primary transmission vector for intestinal parasites in households
 
 ✓ Casual contact (face licks, shared furniture, kitchen counters) is sufficient for transfer
 
 ✓ Women over 50 have reduced stomach acid and weaker gut barriers — less natural defense
 
 ✓ The angle doesn't ask her to change her pet relationship — just protect her gut","Q: ""My pets are dewormed regularly.""
 A: Deworming schedules vary and aren't 100% effective. Pets can carry organisms between treatments. Your gut defense shouldn't depend on your vet's schedule.
 
 Q: ""I've had pets my whole life and been fine.""
 A: Gut resilience declines with age. What your body handled at 30 may overwhelm it at 55. Stomach acid drops, gut lining thins, microbiome shifts. The exposure hasn't changed — your defense has.","","","","","","","","","","","","","","","","",""
"GG-02","","Women 30-50+","The Uninvited Guests","The Post-Travel Stowaway","Gut Cleansing · Microbiome Balance · Regularity · Immune Support","She came back from Mexico with souvenirs. Some of them are alive. International travel exposes the gut to organisms it has zero defense against. The symptoms don't start on the trip — they start weeks after she gets home.","The trip was amazing. But 2-3 weeks later, her digestion is still off. Bloating that won't quit. Irregular bowels. Fatigue she can't explain. She doesn't connect it to the trip because the timeline doesn't match her expectations. The fear: something came home with her, it's been living in her gut for weeks, and every symptom she's been dismissing has a cause she hasn't considered.","PROBLEM:
 You came back from your trip weeks ago. But your gut never came back to normal. The bloating started about a week after you returned. Then the irregular bowels. Then the fatigue. You chalked it up to jet lag, readjusting, getting back to routine. But it's been a month and something is still off. You didn't get traveler's diarrhea on the trip. You felt fine. What you didn't feel was the low-grade parasitic exposure that's been quietly disrupting your microbiome ever since.
 
 SOLUTION:
 Gut Guardian creates a hostile environment for post-travel gut invaders. Fiber physically moves waste and organisms through the tract. Probiotics overwhelm harmful bacteria and parasites with beneficial strains. ACV acidifies the gut environment. L-Glutamine repairs the gut lining that may have been compromised by foreign organisms. Take it daily after any international trip — or better yet, start before you leave.
 
 PROMISE:
 Come home with memories. Leave the stowaways behind.","BEFORE: Weeks of unexplained bloating and fatigue after travel
 AFTER: Gut back to normal within days of returning because it was protected the whole time
 
 BEFORE: Blaming jet lag for symptoms that last a month
 AFTER: Recognizing post-travel gut disruption and actively defending against it
 
 BEFORE: Not connecting current symptoms to a trip 3 weeks ago
 AFTER: Understanding the delayed timeline and taking preventive action","1. You Came Back From Mexico With More Than a Tan. Your Gut Hasn't Been the Same Since.
 
 2. If You've Traveled Internationally and Your Stomach Has 'Never Been Right' Since — Read This.
 
 3. That 'Traveler's Stomach' You Got 2 Years Ago? It Didn't Go Away. It Moved In.
 
 4. POV: You Got Sick on Vacation, 'Recovered,' But Your Gut Has Been Wrecked Ever Since. That's Not a Coincidence.
 
 5. Your Doctor Said It Was 'Just IBS.' But It Started Right After Your Trip to Bali. Think About That.
 
 6. I Picked Up Something in Southeast Asia 3 Years Ago. This Gut Cleanse Is the First Thing That Actually Helped.","I went to Thailand in 2021 and my stomach has never been the same. Bloating, weird bathroom trips, fatigue. Doctors kept saying IBS. Someone suggested I try a gut cleanse and honestly I was skeptical but desperate. Week 2, the stuff coming out of me was NOT NORMAL. Dark, greenish, and SO MUCH of it. By week 4 my 'IBS' was gone. It was never IBS. Something was living in me.","Hook 1: If you traveled somewhere tropical and your gut has 'never been the same since' — you need to hear this right now.
 
 Hook 2: That 'stomach bug' you picked up on vacation 2 years ago? What if it never actually left? This gut cleanse showed me mine didn't.
 
 Hook 3: POV: 3 years of 'IBS' that started right after your trip. Then you do one gut cleanse and it all goes away. It was never IBS.
 
 Hook 4: Your doctor called it IBS. Your gut called it parasites. Here's the cleanse that finally got them out.","✓ Post-travel gut disruption often appears 1-3 weeks after returning — delayed timeline confuses the cause
 
 ✓ Low-grade parasitic exposure may not cause acute illness but disrupts microbiome long-term
 
 ✓ Prevention (starting before travel) is far more effective than treatment after symptoms appear
 
 ✓ Commonly dismissed as 'readjusting' or 'jet lag' for weeks before being addressed","Q: ""I didn't get sick on the trip so I'm fine.""
 A: Many parasitic exposures don't cause immediate symptoms. They colonize quietly and disrupt your microbiome over weeks. The absence of traveler's diarrhea doesn't mean your gut wasn't exposed.
 
 Q: ""I only travel to developed countries.""
 A: Parasitic exposure isn't limited to developing nations. Different water sources, food handling practices, and environmental organisms exist everywhere. Your gut is adapted to your home environment — anything foreign is a potential disruptor.","","","","","","","","","","","","","","","","",""
"GG-02","","Women 30-50+","The Uninvited Guests","The Sushi Risk","Gut Cleansing · Microbiome Balance · Regularity · Immune Support","She loves sushi night. Her gut parasites love it more. Raw and undercooked foods are a common transmission vector — and sushi is the one she doesn't see coming because it feels like a 'healthy' choice.","Sushi feels sophisticated and healthy. It's her Friday night treat, her girls' dinner staple, her 'good choice' at restaurants. The realization that it could be contributing to her gut issues — that the thing she chose BECAUSE it's healthy might be feeding the problem — creates cognitive dissonance. She doesn't want to give it up. She doesn't have to. But she needs to protect her gut.","PROBLEM:
 Sushi is your 'healthy' dinner choice. Fresh fish, clean rice, no heavy sauces. But raw fish is one of the most common sources of parasitic exposure in developed countries. Anisakis, tapeworm larvae, and other organisms survive in raw and undercooked seafood. Your stomach acid — which declines significantly after 50 — is your body's first defense. When that defense weakens, what you eat matters more than ever.
 
 SOLUTION:
 Gut Guardian doesn't ask you to skip sushi night. It strengthens your gut's natural defenses. Probiotics maintain a healthy microbiome that's more resistant to parasitic colonization. ACV supports the acidic environment your declining stomach acid can no longer fully maintain. Fiber ensures regular transit so organisms can't linger. L-Glutamine fortifies the gut lining barrier.
 
 PROMISE:
 Enjoy sushi night. Protect your gut while you do.","BEFORE: Eating sushi without thinking about gut risk
 AFTER: Enjoying sushi knowing your gut is actively defended
 
 BEFORE: Bloating after 'healthy' dinners with no explanation
 AFTER: Understanding why and having the defense in place
 
 BEFORE: Giving up foods you love because of vague gut issues
 AFTER: Eating what you love because your gut can handle it","1. You Eat Raw Fish 3x a Week and You've Never Done a Gut Cleanse? We Need to Talk.
 
 2. Sushi Is Delicious. Sushi Also Carries Parasites. And You're Eating It Every Week.
 
 3. Your Sushi Habit Might Explain Why You're Bloated, Tired, and Craving Sugar 24/7.
 
 4. POV: You Just Learned What Lives in Raw Fish and You Ate Sushi Last Night.
 
 5. I Love Sushi. I Also Love Not Having Parasites. This Gut Cleanse Lets Me Have Both.
 
 6. The FDA Says 'Most' Fish Contains Parasites. You Eat It Raw. And You Wonder Why Your Gut Is a Mess.","I eat sushi like 3 times a week. Have for years. Never thought twice about it until my acupuncturist told me to do a gut cleanse. What came out of me in the first 10 days was genuinely scary. I don't want to describe it but let's just say I now do this cleanse every quarter. I still eat sushi. I just clean up after it now.","Hook 1: Sushi lovers, I'm sorry but you need to hear this. Raw fish carries parasites and if you eat it regularly and haven't done a gut cleanse... girl.
 
 Hook 2: I eat sushi 3x a week. I finally did a gut cleanse. The things that came out of me... I'm still eating sushi but I'm never skipping this again.
 
 Hook 3: POV: You love sushi and just found out what might be living in your gut because of it. Here's the cleanse.
 
 Hook 4: The FDA says most fish has parasites. You eat it raw. Just do the gut cleanse and stop thinking about it.","✓ Raw fish is a primary source of parasitic exposure in developed countries
 
 ✓ Stomach acid — the first line of defense — declines significantly after age 50
 
 ✓ Sushi feels 'healthy' which makes it a blind spot for gut risk
 
 ✓ The angle doesn't vilify sushi — it adds a defense layer to a food she loves","Q: ""Sushi restaurants are inspected and regulated.""
 A: They are. But regulations reduce risk, they don't eliminate it. Flash-freezing kills some parasites but not all. And your gut's ability to handle what slips through diminishes with age.
 
 Q: ""I've been eating sushi for decades with no problems.""
 A: Your gut's defense system at 35 and at 55 are not the same. Stomach acid drops, gut lining thins, beneficial bacteria decline. The sushi hasn't changed — your body's ability to defend against what's in it has.","","","","","","","","","","","","","","","","",""
"GG-03","","Women 30-50+","Lose the Kangaroo Pouch","The Baby Excuse","Bloating Relief · Visible Belly Reduction · Gut Inflammation · Weight Management","That pouch isn't baby weight. Her baby is 7. Or 15. Or 32. She's been using the pregnancy excuse for years but deep down she knows it doesn't explain why her belly inflates by lunch every day. It's not residual weight — it's daily gut inflammation.","She's been telling herself (and others) it's baby weight because that's an acceptable explanation. The truth — that her gut is chronically inflamed and she's carrying pounds of waste and bloating — is harder to accept because it means the diets and crunches she's been relying on were never going to fix it. The fear: this isn't going away on its own. And the longer she ignores the real cause, the worse it gets.","PROBLEM:
 You've been calling it baby weight for years. But your baby is in second grade. You've tried crunches, planks, diets, waist trainers — and the pouch is still there. It's not fat. Your BMI is fine. But by noon every day your belly inflates like you're 5 months pregnant. None of the fitness or diet approaches address the real issue: chronic gut inflammation and a digestive system that isn't moving waste efficiently.
 
 SOLUTION:
 Gut Guardian targets the actual cause. 4g organic soluble fiber promotes daily elimination — physically removing the waste that creates the distended belly. Probiotics reduce the bacterial imbalance that produces excess gas and bloating. Ginger and ACV calm gut inflammation. L-Glutamine repairs the gut lining that's been chronically irritated. The pouch isn't a fitness problem — it's a gut problem. Fix the gut, lose the pouch.
 
 PROMISE:
 It was never baby weight. Fix your gut. Lose the pouch.","BEFORE: Belly flat in the morning, 5 months pregnant by lunch
 AFTER: Same flat belly all day because the inflammation is gone
 
 BEFORE: Blaming baby weight when the baby is in middle school
 AFTER: Understanding it was gut inflammation the whole time
 
 BEFORE: 1,200 crunches this year — pouch didn't notice
 AFTER: Pouch disappearing because she finally addressed the real cause
 
 BEFORE: Avoiding photos from the waist down
 AFTER: Taking full-body photos without thinking twice","1. My 'Baby' Is 7. It's Not Baby Weight. It's 7 Years of Poop I Haven't Gotten Rid Of.
 
 2. Stop Blaming Your Kids for Your Belly. Your Colon Is Holding 5-15 Pounds Right Now.
 
 3. I 'Had a Baby' 12 Years Ago. My Belly Looked the Same Until I Started Pooping Properly.
 
 4. POV: You've Been Blaming Pregnancy for Your Belly but Your Youngest Is in Middle School.
 
 5. I Pooped Away My 'Baby Weight.' Turns out It Wasn't Baby Weight At All.
 
 6. The Pouch Isn't From Having Kids. It's From Not Pooping. I Lost 3 Inches in 2 Weeks by Going Every Day.","I've been saying 'it's just baby weight' for 7 years. THREE kids. But honestly, my youngest is in second grade. At some point you gotta admit it's not the baby. Started this gut cleanse and I'm not exaggerating — I pooped away the pouch in 2 weeks. It wasn't fat. It was literally stuff stuck inside me. I could cry.","Hook 1: Girl, your baby is 7. It's not baby weight anymore. I said the same thing until I started this gut cleanse and pooped away 3 inches off my waist in 2 weeks. It was never baby weight.
 
 Hook 2: POV: You blamed pregnancy for your belly for years and then a gut cleanse proved it was poop the whole time.
 
 Hook 3: I have 3 kids and I used 'baby weight' as my excuse for a decade. Then I started actually pooping every day and the pouch VANISHED.
 
 Hook 4: The belly you're blaming on your kids? Your colon is holding 5-15 pounds of waste right now. This gut cleanse proved it.","✓ Lower belly pouch is primarily gut inflammation and bloating, not subcutaneous fat
 
 ✓ Fitness approaches (crunches, planks, diets) don't address gut-driven distension
 
 ✓ Daily bloating cycle (flat morning → distended by lunch) is the diagnostic signal
 
 ✓ Addressing gut health produces visible belly changes faster than exercise for this specific issue","Q: ""I've had this since my pregnancy. It IS baby weight.""
 A: If your belly is flat in the morning and distended by noon, that's bloating — not residual pregnancy weight. Fat doesn't inflate and deflate daily. Gut inflammation does. The pregnancy may have started the gut disruption, but what you're seeing now is a gut problem, not a weight problem.
 
 Q: ""I need to lose weight, not take a supplement.""
 A: If your BMI is normal but your belly sticks out, weight loss won't fix it — because it's not excess fat. It's inflammation and waste. Women lose 15, 20 pounds and the pouch stays because it was never a weight issue. Fix the gut first. Then reassess.
 
 Q: ""Isn't bloating just normal?""
 A: Daily bloating where you look pregnant by lunch is not normal. It's common — but common isn't normal. It's your gut telling you something is off: bacterial imbalance, insufficient fiber, sluggish motility, or chronic inflammation. All of which are addressable.","","","","","","","","","","","","","","","","",""
"GG-03","","Women 30-50+","Lose the Kangaroo Pouch","The Daily Expand","Bloating Relief · Visible Belly Reduction · Gut Inflammation · Weight Management","Her jeans fit at 8 AM. By lunch, they don't. By dinner, she's in elastic waistbands. The daily bloat cycle is so predictable she dresses for it — picking outfits based on how much room her belly needs by afternoon.","She plans her wardrobe around the bloat. She owns two sizes of jeans — morning jeans and afternoon jeans. She avoids anything form-fitting after noon. She doesn't wear belts anymore. The fear: it's getting worse. The morning window of 'flat' is shrinking. Soon there won't be a morning where she feels good about how she looks.","PROBLEM:
 8 AM: jeans button fine. 11 AM: uncomfortable. 1 PM: unbuttoned under the desk. 5 PM: changed into leggings. You've memorized this timeline because it happens every single day. You eat the same breakfast, drink the same coffee, and by mid-morning the expansion starts. It's not what you ate. It's what your gut is doing with what you ate — fermenting it, producing gas, creating inflammation, and turning your belly into a balloon on a schedule.
 
 SOLUTION:
 Gut Guardian interrupts the daily bloat cycle at the source. Probiotics reduce the bacterial overgrowth that causes excessive fermentation and gas. Organic fiber feeds beneficial bacteria and promotes regular elimination. Ginger calms the inflammation that causes distension. One morning drink, before the cycle starts — and you stay the size you woke up as.
 
 PROMISE:
 Same jeans. All day. No secret elastic waistband.","BEFORE: Dressing for two body sizes every day
 AFTER: One outfit, one size, from morning to night
 
 BEFORE: Unbuttoning jeans under the desk by 1 PM
 AFTER: Forgetting about your waistband because it's not tight
 
 BEFORE: Avoiding dinner plans because of how you'll look by evening
 AFTER: Saying yes to plans without doing bloat math in your head","1. My Jeans Fit at 8 AM. By Noon I Look 5 Months Pregnant. Every. Single. Day.
 
 2. I Wake Up Flat. By Lunch I Can't Button My Pants. The Expand Is Real and Nobody Talks About It.
 
 3. POV: You Zip Up Your Jeans in the Morning and By 3 PM You've Unbuttoned Them Under Your Desk.
 
 4. The Daily Bloat Expand Made Me Buy 2 Sizes of Jeans. Then I Fixed My Gut and Threw the Big Ones Away.
 
 5. Why Does My Stomach Add 4 Inches Between Breakfast and Dinner? Finally Got the Answer.
 
 6. I Literally Pooped Away My Waistline. Not Joking. My Jeans Fit ALL DAY Now.","I have a morning body and an afternoon body. In the morning I'm fine. By 2 PM I look pregnant. I've been living like this for YEARS thinking it's normal. Started this gut cleanse and within a week my stomach stopped expanding. It just... stayed flat. Turns out my gut was fermenting everything because I had no good bacteria. I pooped away my waistline and I'll never shut up about it.","Hook 1: Never knew I could become best friends with the toilet. I have pooped away my waistline. My jeans fit ALL DAY for the first time in years.
 
 Hook 2: Morning body vs. afternoon body. If you know, you know. This gut cleanse fixed it in a week.
 
 Hook 3: I literally pooped away my waistline. Not diet. Not exercise. I started actually emptying out every morning and the bloat just stopped.
 
 Hook 4: POV: Your jeans fit all day long because you actually poop now. That's it. That's the secret. This gut cleanse.
 
 Hook 5: Yes I spend an extra 10 minutes in the bathroom now. But my waistline is looking like it did 10 years ago. Worth it.","✓ The daily bloat cycle is the most relatable entry point for this angle — every woman in the demo knows it
 
 ✓ The predictability of the bloat (same time every day) proves it's not food-specific — it's gut environment
 
 ✓ Wardrobe workarounds (elastic waistbands, two sizes, avoiding belts) signal the severity of impact on daily life
 
 ✓ Resolving the cycle produces dramatic lifestyle quality improvement beyond just appearance","Q: ""Isn't some bloating after eating normal?""
 A: Minor fullness, yes. Looking 5 months pregnant by lunch and needing different pants — no. That level of distension signals bacterial overgrowth, excess fermentation, or chronic inflammation. Normal digestion doesn't require two wardrobes.
 
 Q: ""Maybe I just need to eat smaller meals.""
 A: You could — but the bloat isn't about volume. Women who eat a small salad for lunch still expand by 2 PM because it's the gut environment, not the meal size. The fermentation and inflammation happen regardless of portion.","","","","","","","","","","","","","","","","",""
"GG-03","","Women 30-50+","Lose the Kangaroo Pouch","The Scale Lie","Bloating Relief · Visible Belly Reduction · Gut Inflammation · Weight Management","She lost the weight. Hit her goal. The scale says she's where she wants to be. But the pouch is still there — unchanged, unmoved, mocking every pound she lost. Because it was never about the weight.","She did everything 'right.' Counted calories, hit the gym, lost 10-15 pounds. And the pouch stayed. This is the most defeating feeling — achieving the goal and still not getting the result. The fear: nothing will fix this. If weight loss didn't work, what will? She's running out of options and starting to believe this is just her body now.","PROBLEM:
 You did the work. Lost 10 pounds. Maybe 15. The scale says you're at your goal weight. But the pouch? Still there. Same as before. Maybe worse, because now you can see it more clearly without the rest of the weight around it. You've been told your whole life that weight loss = flat belly. It doesn't. Because the pouch isn't fat — it's inflammation, gas, and waste sitting in a sluggish digestive system that no amount of calorie counting can fix.
 
 SOLUTION:
 Gut Guardian addresses what the scale can't measure: gut inflammation, bacterial gas production, and digestive transit time. Fiber moves waste through efficiently. Probiotics reduce the fermentation that causes visible distension. Ginger and ACV calm the chronic inflammation that keeps the belly swollen. The scale was never the right metric. Your gut health is.
 
 PROMISE:
 You lost the weight. Now lose the pouch. They were never the same thing.","BEFORE: Lost 15 pounds. Pouch stayed.
 AFTER: Pouch finally gone — because she fixed the real cause
 
 BEFORE: At goal weight but still hiding her midsection
 AFTER: At the same weight but belly is flat for the first time in years
 
 BEFORE: Thinking she needs to lose MORE weight
 AFTER: Realizing it was never about weight — it was gut health","1. I Lost 15 Pounds. My Belly Didn't Change. Turns Out the Pouch Was POOP, Not Fat.
 
 2. The Scale Went Down but My Belly Stayed the Same. Because You Can't Diet Away What's Stuck in Your Colon.
 
 3. I Did Keto, Carnivore, Whole30. Lost Weight Every Time. Kept the Pouch Every Time. Until I Fixed My Gut.
 
 4. You Can't Crunch Away 10 Pounds of Backed-Up Waste. I Tried. For 3 Years.
 
 5. POV: You Lost 20 Pounds and Still Have the Belly. It Was Never Fat.
 
 6. My Trainer Finally Told Me: 'Your Belly Isn't Fat. It's Your Gut.' Then He Gave Me This.","I lost 20 pounds on keto. My arms got smaller. My face got thinner. The belly? SAME. My trainer finally said 'that's not fat, that's your gut — you need to poop.' I was offended. Then he recommended this gut cleanse. 2 weeks later the pouch was GONE. He was right. I'd been trying to diet away a poop problem.","Hook 1: My trainer said your belly isn't fat, it's poop. I wanted to be offended but he was right. This gut cleanse proved it in 2 weeks.
 
 Hook 2: I lost 20 pounds and still had the belly. Then I started pooping properly and lost the belly in 2 weeks without losing a single pound. It was NEVER fat.
 
 Hook 3: You cannot exercise away what's stuck in your colon. I tried for 3 years. This gut cleanse did in 2 weeks what the gym couldn't do in 3 years.
 
 Hook 4: POV: Your trainer tells you to fix your gut before your abs. You're offended. Then you try it and the pouch vanishes.","✓ Weight loss doesn't address gut-driven distension — different mechanism, different solution
 
 ✓ This is the most emotionally frustrating sub-angle — she did 'everything right' and it didn't work
 
 ✓ The scale/mirror disconnect is immediately relatable and drives high engagement
 
 ✓ Reframing from weight to gut health is the key psychological shift","Q: ""Maybe I just need to lose more weight.""
 A: If the pouch didn't change when you lost the first 15 pounds, losing 15 more won't change it either. The pouch is inflammation and bloating, not adipose tissue. More calorie restriction won't fix a gut problem.
 
 Q: ""My doctor said to lose weight for my belly.""
 A: Many doctors default to weight loss advice for belly concerns. But if your BMI is healthy and the pouch persists, the issue is more likely gut inflammation, bacterial imbalance, or motility — none of which respond to calorie restriction.","","","","","","","","","","","","","","","","",""
"GG-03","","Women 30-50+","Lose the Kangaroo Pouch","The Spanx Trap","Bloating Relief · Visible Belly Reduction · Gut Inflammation · Weight Management","She's spent hundreds on compression garments, waist trainers, and shapewear to hide what she can't fix. The pouch isn't gone — it's compressed. And the moment she takes it off, everything expands back. She's treating the symptom while ignoring the cause.","Spanx have become a daily necessity, not a special occasion item. She puts them on for work, for errands, for dinner. The moment she takes them off at home, the belly expands and she's reminded that nothing has changed. She's spending money to hide a problem she could be solving. The deeper fear: she's become dependent on shapewear to feel normal, and that dependency is getting worse.","PROBLEM:
 You've spent $300 on Spanx this year. Maybe more. Waist trainers, compression tanks, high-waisted everything. You're not wearing them for a special occasion — you're wearing them every day just to feel normal. But the moment you peel them off, your belly expands back. Nothing has changed. You're spending money to compress a problem that needs to be solved, not squeezed.
 
 SOLUTION:
 Gut Guardian fixes what Spanx hides. Fiber and probiotics reduce the bloating and gas that create the distended belly. Ginger calms gut inflammation. L-Glutamine repairs the gut lining. Within weeks, the belly that required daily compression starts flattening on its own — because the source of the distension is being addressed, not just contained.
 
 PROMISE:
 Stop compressing the problem. Fix it. Retire the Spanx.","BEFORE: $300/year on shapewear to hide the pouch
 AFTER: Pouch gone. Shapewear drawer untouched.
 
 BEFORE: Dreading the moment she takes off the Spanx at night
 AFTER: Taking off clothes at night and her belly stays flat
 
 BEFORE: Wearing compression daily just to feel normal
 AFTER: Feeling normal without any compression for the first time in years","1. You've Spent $300+ on Shapewear to Hide a Belly That Would Disappear If You Just Pooped Properly.
 
 2. Spanx Don't Fix the Problem. They Compress It. Your Colon Is Still Full.
 
 3. I Threw Away My Shapewear After 2 Weeks on This Gut Cleanse. Don't Need It When the Belly Is Actually Gone.
 
 4. POV: You're Squeezing Into Shapewear for Date Night When the Real Issue Is You Haven't Pooped in 4 Days.
 
 5. I Was Spending More on Shapewear Than Groceries. Now I Spend $1.30/Day and My Stomach Is Actually Flat.
 
 6. Compressing Your Belly Into Spanx Is a Band-Aid. Pooping It Out Is the Cure.","I owned SEVEN pairs of Spanx. Seven. Different levels of compression for different outfits. Started this gut cleanse and within 3 weeks I didn't need any of them. The belly wasn't fat I needed to compress. It was waste I needed to eliminate. I feel so dumb for spending hundreds on shapewear when the answer was $1.30 a day.","Hook 1: How much have you spent on shapewear to hide a belly that would disappear if you just pooped every day? I spent over $500. Then I found this gut cleanse.
 
 Hook 2: Spanx are a $1.2 billion industry because nobody's telling women their belly is POOP, not fat. This gut cleanse told me. 3 weeks later, bye Spanx.
 
 Hook 3: POV: You just threw away all your shapewear because a $1.30/day gut cleanse did what compression couldn't.
 
 Hook 4: Stop compressing the problem and start flushing it out. I haven't worn Spanx in 2 months.","✓ Shapewear spending is a tangible, quantifiable proxy for the emotional cost of bloating
 
 ✓ The dependency narrative (daily use, not special occasions) signals severity
 
 ✓ The 'take off at night and expand back' moment is universally relatable for the demo
 
 ✓ Cost comparison: Spanx budget vs. Gut Guardian is a compelling rational argument","Q: ""Spanx work fine for me.""
 A: They work for hiding it. They do nothing for fixing it. You'll be buying new shapewear every year while the underlying bloating continues. Gut Guardian addresses the cause so you don't need the workaround.
 
 Q: ""I like wearing shapewear. It's not a problem.""
 A: If you enjoy it for style, great. But if you're wearing it every day because you can't face your belly without it — that's not preference, it's dependency on a Band-Aid for a gut health issue.","","","","","","","","","","","","","","","","",""
"GG-04","","Women 30-50+","The Room Clearer","The Blame Game","Gas Reduction · Microbiome Balance · Social Confidence · Digestive Comfort","She blamed the dog. They don't have a dog. She blamed the food. She ate the same thing as everyone else. She's run out of excuses and the people around her have stopped believing them.","The lies are getting harder to maintain. Her husband knows. Her kids know. She knows they know. The pretending is almost worse than the gas itself — the constant vigilance, the fake coughs, the 'did anyone else smell that?' deflections. She's exhausted from managing a secret that's not even a secret anymore. The deeper fear: people are talking about her behind her back. Literally.","PROBLEM:
 You've blamed the dog, the drains, the 'something must be off with the plumbing.' But everyone in the house knows. Your gas is bad — and it's getting worse. It's not occasional. It's daily. It's strong enough to clear a room. And you've run out of believable excuses. The cause: sulfur-producing bacteria in your gut that overproduce hydrogen sulfide gas. As your microbiome has shifted with age, these bacteria have taken over — and your gut is essentially a gas factory.
 
 SOLUTION:
 Gut Guardian's 4 billion live probiotics from 3 targeted strains crowd out sulfur-producing bacteria by restoring beneficial bacterial populations. Organic fiber feeds the good bacteria and improves transit time — so food doesn't sit and ferment. Ginger calms the inflammatory environment that worsens gas production. The result: less gas, less odor, less pretending the dog did it.
 
 PROMISE:
 Stop blaming the dog. Fix the bacteria.","BEFORE: Blaming the dog they don't have
 AFTER: Not needing an excuse because there's nothing to explain
 
 BEFORE: Husband sleeping in the guest room
 AFTER: Husband back in the bedroom. Nobody's mentioned it.
 
 BEFORE: Constant vigilance about when and where gas escapes
 AFTER: Not thinking about it because it's not a constant problem anymore","1. I Blamed the Dog. We Don't Have a Dog. My Husband Knows. My Kids Know. Everyone Knows.
 
 2. The Gas Got So Bad My Kids Started a Scoreboard on the Fridge. I Was Losing.
 
 3. I Crop-Dusted the Entire Frozen Foods Aisle and Had to Leave the Store. Something Had to Change.
 
 4. POV: You Clear the Room So Often Your Family Has a Code Word for It.
 
 5. My Husband Sleeps With the Window Open in December. Because of Me. Because of the Gas.
 
 6. I Blamed the Dog, the Kids, the Food, the Altitude. It Was Me. It Was Always Me.","I'm just gonna say it. My gas was SO BAD my husband started sleeping in the guest room. Not as a joke. He actually moved. I was mortified. Started this gut cleanse and within 2 weeks the gas was just... gone. He's back in our bed. The dog gets blamed less. My marriage is literally better because I fixed my gut.","Hook 1: I blamed the dog we don't have. My kids made a scoreboard. My husband moved to the guest room. Then I fixed my gut in 2 weeks with this cleanse.
 
 Hook 2: POV: Your gas is so bad your family has an emergency protocol. Mine did. Until I started this gut cleanse.
 
 Hook 3: If you've ever crop-dusted a public place and had to flee — you need this. I'm not joking. This gut cleanse ended my career as a room clearer.
 
 Hook 4: My husband bought an air purifier for the bedroom. For ME. That's when I knew I needed to fix my gut.","✓ Excessive gas is caused by sulfur-producing bacterial overgrowth — not food choices
 
 ✓ The shame/excuse cycle creates enormous emotional pressure and constant social anxiety
 
 ✓ Humor is the entry point (blaming the dog) but the underlying emotion is genuine embarrassment
 
 ✓ Gas reduction is often the first noticeable benefit — within 1-2 weeks","Q: ""Everyone has gas. It's normal.""
 A: Some gas is normal. Clearing a room daily, needing an alibi, and your family making a scoreboard — that's bacterial overgrowth. There's a difference between normal digestion and a gut producing excess hydrogen sulfide.
 
 Q: ""I'll just avoid the foods that cause gas.""
 A: Gas-producing foods (beans, cruciferous vegetables) aren't the core issue. When your microbiome is balanced, you can eat these foods without excessive gas. The problem is the bacteria, not the broccoli.","","","","","","","","","","","","","","","","",""
"GG-04","","Women 30-50+","The Room Clearer","The Yoga Mat Evacuator","Gas Reduction · Microbiome Balance · Social Confidence · Digestive Comfort","Downward dog. The twist. The deep breathing that relaxes everything — including the one thing you desperately need to stay clenched. The yoga class has become a minefield, and she's one pose away from the most mortifying moment of her life.","Yoga is supposed to be her sanctuary. Her self-care. The one hour she takes for herself. And she's spending it clenching, positioning herself in the back corner, and praying that the instructor doesn't hold forward fold for too long. The fear: it's going to happen in class. In front of everyone. In the silence between the instructor's words. And she'll never go back. She'll lose the one activity that makes her feel good because her gut betrayed her in public.","PROBLEM:
 You love yoga. But yoga doesn't love your gas. Every forward fold is a risk. Every twist is a gamble. You've positioned yourself by the door. You've skipped classes because you felt 'off.' You've left mid-class pretending you got a text. The poses that are supposed to help digestion are doing exactly that — releasing everything. And you can't control when, where, or how loud.
 
 SOLUTION:
 Gut Guardian reduces the gas at the source — before you ever get to the mat. Probiotics rebalance the bacterial overgrowth that produces excess gas. Fiber improves transit time so food doesn't sit and ferment. Ginger calms the gut inflammation that worsens gas production. Take it in the morning, and by the time you're in downward dog, there's nothing to clench against.
 
 PROMISE:
 Do the twist without the consequences. Yoga should be relaxing — all of you.","BEFORE: Positioned in the back corner of yoga class, clenched and anxious
 AFTER: Center of the room, fully relaxed, fully present
 
 BEFORE: Skipping yoga when her gut feels 'off'
 AFTER: Never missing class because her gut is predictable now
 
 BEFORE: The instructor opens a window in February and she knows why
 AFTER: The window stays closed and nobody's thinking about it","1. I Let One Go in Downward Dog and Evacuated the Entire Row. Never Went Back. Until I Fixed My Gut.
 
 2. Hot Yoga + Bad Gas = The Most Humiliating 60 Minutes of My Life. Here's What Fixed It.
 
 3. POV: You Love Yoga but You're Terrified of Any Pose That Involves Your Stomach Because... Gas.
 
 4. I Quit Yoga Because of Gas. Not Flexibility. Not Time. GAS. That's How Bad It Was.
 
 5. Downward Dog Is a Beautiful Pose Unless You're Clenching for Dear Life. This Gut Cleanse Fixed That.
 
 6. Yoga Is Supposed to Be Relaxing. Hard to Relax When You're One Twist Away From Clearing the Room.","I have to tell this story because someone needs to hear it. I was in a packed yoga class. Downward dog. And I just... couldn't hold it. The sound echoed. People moved their mats. I left and never went back. That was 2 years ago. Started this gut cleanse last month and I'm back in yoga. Zero gas. ZERO. I actually enjoy it again.","Hook 1: I quit yoga because of gas. Not gonna sugarcoat it. Downward dog was a ticking time bomb. This gut cleanse got me back on the mat.
 
 Hook 2: POV: You're in yoga clenching so hard you can't even focus on the pose. Quit for 2 years. This gut cleanse fixed it.
 
 Hook 3: If you've ever avoided a fitness class because of gas, you're not alone. This gut cleanse gave me my yoga back.
 
 Hook 4: The yoga mat evacuator has retired. 2 weeks on this gut cleanse and the gas is GONE. Back to downward dog without fear.","✓ Yoga poses actively stimulate digestion and release trapped gas — amplifying the problem
 
 ✓ Women are quitting beneficial exercise because of gut-related embarrassment
 
 ✓ The yoga/gas intersection is highly relatable and shareable — instant scroll stopper
 
 ✓ Fixing the gas at the bacterial level means the poses work as intended — aiding digestion, not causing embarrassment","Q: ""Everyone farts in yoga. It's no big deal.""
 A: Occasional, odorless gas during deep stretches — sure. Clearing your corner of the room weekly with sulfur bombs — that's different. That's bacterial overgrowth, not normal digestive release.
 
 Q: ""Can't I just skip the poses that cause it?""
 A: The poses don't cause the gas — they release what's already there. Skipping forward folds and twists means skipping half the practice. Fix the source and do the full practice.","","","","","","","","","","","","","","","","",""
"GG-04","","Women 30-50+","The Room Clearer","The Date Night Disaster","Gas Reduction · Microbiome Balance · Social Confidence · Digestive Comfort","Date night has become a minefield. 4 fake bathroom trips per dinner. He thinks it's a bladder problem. The truth is worse. She's holding, timing, and strategizing through every meal instead of enjoying the evening.","Romance requires relaxation. She can't relax when she's managing gas the entire evening. She's timing bathroom trips between courses. She's ordering foods she thinks are 'safe.' She's tensed the entire dinner. The fear: he's going to figure it out. Or worse — he already has and is too polite to say anything. The gas is eroding intimacy because she can never fully let her guard down.","PROBLEM:
 Date night used to be your favorite thing. Now it's a strategic operation. You order 'safe' foods. You time bathroom breaks between courses. You clench through the car ride home. You excuse yourself 4 times and he thinks it's your bladder. He's being kind about it. But you know the truth: you can't enjoy an evening out because your gut turns every meal into a gas emergency. The romance is being replaced by logistics.
 
 SOLUTION:
 Gut Guardian reduces gas production at the bacterial level. Take it that morning and by dinner, your gut isn't manufacturing a crisis. Probiotics reduce sulfur gas. Fiber prevents the fermentation cascade. Ginger calms the whole system. You can eat the risotto. You can skip the bathroom strategy. You can actually be present for the evening.
 
 PROMISE:
 Date night without the strategy session. Eat. Relax. Enjoy. No clenching required.","BEFORE: 4 bathroom trips per dinner. He thinks it's her bladder.
 AFTER: One trip. To actually use the restroom. Like a normal person.
 
 BEFORE: Ordering 'safe' foods instead of what she actually wants
 AFTER: Ordering the garlic bread and the risotto without thinking twice
 
 BEFORE: Clenched through the car ride home
 AFTER: Relaxed, laughing, holding hands — actually enjoying the drive home","1. I Took 4 'Bathroom Breaks' on One Date. I Wasn't Going to the Bathroom. I Was Going to Fart in Private.
 
 2. Nothing Kills Romance Faster Than Excusing Yourself to the Bathroom Every 20 Minutes to Release Gas.
 
 3. POV: You're on a Date and Your Stomach Is Making Noises That Could End This Relationship.
 
 4. First Date Gas Anxiety Is Real. I've Canceled Dates Because My Gut Was Having a Bad Day.
 
 5. He Thinks I Have a Tiny Bladder. I Don't. I Have a Gas Problem. Or I DID Until This Gut Cleanse.
 
 6. I Wore Spanx on a Date to Muffle the Sounds. That's Rock Bottom. Then I Fixed My Gut.","I'll never forget the date where I excused myself FOUR TIMES to go to the bathroom and fart. Four times. In a 90-minute dinner. He asked if I was OK. I said 'tiny bladder.' The shame. Started this gut cleanse and the gas stopped within a week. I actually went on a date last week and didn't leave the table once. ONCE.","Hook 1: 4 bathroom breaks on one date. Not to pee. To fart. This gut cleanse ended my date night nightmare.
 
 Hook 2: POV: You cancel dates based on how your gut feels that day. Not anymore. This cleanse fixed my gas in a week.
 
 Hook 3: If you've ever had to choose between holding in gas or excusing yourself for the 5th time on a date — you need this.
 
 Hook 4: Date night gas anxiety is a real thing and nobody talks about it. This gut cleanse eliminated it. Literally.","✓ Gas is eroding romantic intimacy — the emotional stakes are uniquely high
 
 ✓ The 'bathroom excuse' creates a secondary lie that adds to the stress
 
 ✓ Food restriction on dates (ordering 'safe' foods) is a hidden quality-of-life cost
 
 ✓ Resolving gas restores spontaneity and presence in the relationship","Q: ""I just avoid gassy foods on date night.""
 A: If you're choosing your dinner based on gas risk instead of what you want, the bacteria are controlling your life. Fix the microbiome and eat what you actually want.
 
 Q: ""Gas-X handles it for the evening.""
 A: Gas-X breaks up existing gas bubbles but doesn't prevent new gas from forming. It's a temporary mask, not a fix. You'll need it again next date night, and the next one, and the next one.","","","","","","","","","","","","","","","","",""
"GG-04","","Women 30-50+","The Room Clearer","The Silent Scoreboard","Gas Reduction · Microbiome Balance · Social Confidence · Digestive Comfort","Her kids made a scoreboard. Tally marks on the fridge. 47 for the week. They're making it a joke. But she's dying inside. The humor is real — and so is the humiliation.","Her family has turned her worst insecurity into a household joke. They love her. They don't mean harm. But every tally mark is a reminder that she can't control this. And the number keeps going up. She laughs along because what else can she do? But at night, alone, she's mortified. The fear: her kids' spouses, the grandkids — eventually everyone will know Grandma as 'the one who...'","PROBLEM:
 Your kids thought it was funny. Tally marks on the fridge. Every time. By Thursday there were 47 marks and your son-in-law was asking what the scoreboard was for. You laughed it off. But inside you were mortified. The gas is so frequent, so potent, that your own family is tracking it like a sport. And the worst part? The number goes up every week. Not down.
 
 SOLUTION:
 Gut Guardian reduces gas frequency and intensity by rebalancing the gut bacteria responsible for excess production. Probiotics crowd out sulfur-producing strains. Fiber reduces fermentation time. Ginger soothes the inflammation that amplifies gas production. In 2-3 weeks, the scoreboard numbers start dropping. In a month, it comes off the fridge.
 
 PROMISE:
 Take the scoreboard off the fridge. Not because you asked them to — because the number hit zero.","BEFORE: 47 tally marks on the fridge by Thursday
 AFTER: Scoreboard taken down because there's nothing to track
 
 BEFORE: Family making jokes she laughs at but cries about later
 AFTER: Gas is a non-issue nobody thinks about anymore
 
 BEFORE: Son-in-law asking about the scoreboard
 AFTER: Son-in-law doesn't know there ever was one","1. My Kids Started Counting. 47 Times Last Week. They Made Tally Marks on the Fridge.
 
 2. When Your Children Keep a Running Score of Your Gas, You Know It's Time to Fix Something.
 
 3. My 9-Year-Old Said 'Mom, You Need Help.' She Was Talking About My Gas. She Was Right.
 
 4. POV: Your Kids Think Your Gas Is Comedy Gold. They're Keeping Score. You're Dying Inside.
 
 5. 47 Tallies. One Week. My Kids Documented My Gas Problem Better Than Any Doctor.
 
 6. I Became the Family Joke. Then I Became the Family Testimonial. This Gut Cleanse Changed Everything.","My kids literally put tally marks on the fridge every time I passed gas. 47 in one week. They thought it was hilarious. I wanted to disappear. My daughter told her teacher 'my mom farts a lot.' I started this gut cleanse that night. 2 weeks later the tallies stopped. My kids were disappointed. I was relieved. My gut was fixed.","Hook 1: My kids kept a scoreboard of my gas on the fridge. 47 tallies in one week. Then I started this gut cleanse and the tallies stopped.
 
 Hook 2: When your 9-year-old says 'mom you need help' and she's talking about your gas — you listen. Here's what fixed it.
 
 Hook 3: POV: Your kids are documenting your gas problem with tally marks. You're mortified. Then you fix it in 2 weeks with this gut cleanse.
 
 Hook 4: From 47 tallies a week to ZERO. My kids are mad they lost their entertainment. I'm not.","✓ The scoreboard narrative is funny enough to share but emotionally devastating underneath
 
 ✓ Humor-to-shame pipeline: the joke format lowers the barrier to engagement, the emotion drives conversion
 
 ✓ Specific numbers (47 tally marks) create concrete, memorable hooks
 
 ✓ Family dynamics add social pressure that personal discomfort alone doesn't","Q: ""It's just a family joke. It's not that serious.""
 A: If you're crying about it privately while laughing publicly, it's serious to you. The joke only exists because the problem is constant and extreme. Fix the problem and the joke goes away naturally.
 
 Q: ""Doesn't everyone's family joke about this?""
 A: Some families joke about occasional gas. A physical scoreboard with 47 weekly tally marks means the frequency and intensity are far beyond normal. That's bacterial overgrowth territory, not dinner table humor.","","","","","","","","","","","","","","","","",""
"GG-05","","Women 30-50+","The Scratch You Can't Mention","The Google Search at 2AM","Pruritus Relief · Gut-Skin Connection · Microbiome Balance · Digestive Regularity","She's Googled it. In incognito mode. At 2AM. The results were terrifying and unhelpful. She's been dealing with this for months — maybe years — and hasn't told a single person. Not her doctor. Not her husband. Nobody.","The shame is absolute. This isn't something she can mention at brunch, bring up at her annual physical, or whisper to her best friend. She's been suffering in silence, convinced she's the only one, convinced it means something terrible. The incognito Google searches have given her more anxiety than answers. The fear: something is seriously wrong with her and she's too embarrassed to find out. The secondary fear: this is just her life now.","PROBLEM:
 You've been dealing with this for months. Maybe longer. The itching that won't stop. The kind you can't scratch in public. The kind that keeps you up at night. You've Googled it — in incognito mode, at 2AM, terrified of what you'd find. The results were a mix of terrifying medical conditions and useless advice like 'keep the area clean.' You ARE clean. That's not the problem. The problem is coming from inside your gut — bacterial imbalance, incomplete elimination, and chronic inflammation that manifests as persistent pruritus ani.
 
 SOLUTION:
 Gut Guardian addresses the gut-to-skin connection that drives chronic itching. Probiotics rebalance the bacteria responsible for inflammatory byproducts that irritate the perianal area. Fiber promotes complete, regular elimination — reducing the residue that causes irritation. L-Glutamine repairs the gut lining, reducing systemic inflammation. Ginger calms the inflammatory cascade. When your gut is balanced and elimination is complete, the downstream symptom — the itch — resolves.
 
 PROMISE:
 Stop Googling in incognito. Fix what's causing it from the inside.","BEFORE: Googling symptoms at 2AM in incognito mode, terrified
 AFTER: Not thinking about it because the itch is gone
 
 BEFORE: Suffering in silence for months, too embarrassed to tell anyone
 AFTER: Problem resolved without ever having to have that conversation
 
 BEFORE: Trying every cream and wipe at the pharmacy
 AFTER: No creams needed because the cause is addressed internally","1. You're Googling 'Why Does My Butt Itch' at 2 AM in Incognito Mode. You're Not Alone.
 
 2. The Itch You Can't Talk About. The Search You Delete After. The Problem That Won't Go Away.
 
 3. POV: You've Tried Every Cream in the Store for an Itch Nobody Knows About. Nothing Works Because the Cause Is INSIDE You.
 
 4. 5% of the Population Has Chronic Anal Itching. Massive Search Volume. Zero Conversation. Until Now.
 
 5. The Reason No Cream Fixes the Itch? It's Coming From Your Gut, Not Your Skin.
 
 6. You've Spent Hundreds on Creams for an Itch That Starts in Your Colon. Here's the Fix Nobody Told You About.","I can't believe I'm saying this but the itching was ruining my life. YEARS. Every cream, every wipe, every remedy on Google. Nothing worked. My naturopath said 'it's your gut, not your skin.' Started this gut cleanse and within 3 weeks the itch was GONE. Gone. After years. It was coming from the inside the whole time.","Hook 1: If you've ever Googled something embarrassing about your body at 2 AM in incognito mode — this gut cleanse might be the answer you couldn't find.
 
 Hook 2: The itch nobody talks about. The creams that never work. The gut cleanse that actually fixed it. Storytime.
 
 Hook 3: POV: You've spent hundreds on creams for a problem that starts inside your gut. This is the fix your doctor never mentioned.
 
 Hook 4: 5% of adults deal with this and nobody talks about it. Because the cause is in your gut and no cream can reach it. This can.","✓ Pruritus ani affects up to 5% of the population — far more common than anyone admits
 
 ✓ The shame-to-silence pipeline means sufferers rarely seek help or even acknowledge the problem
 
 ✓ Gut-to-skin connection is well-documented but rarely communicated to consumers
 
 ✓ Incognito mode behavior signals the extreme taboo and embarrassment — mirror it to create instant recognition","Q: ""This is a hygiene problem, not a gut problem.""
 A: The #1 misconception. Most chronic pruritus ani sufferers are extremely clean — often over-cleaning, which makes it worse. The irritation comes from inside: bacterial byproducts, incomplete elimination, and gut-driven inflammation. External hygiene isn't the issue.
 
 Q: ""I should see a doctor for this, not take a supplement.""
 A: Absolutely see your doctor if you're concerned. But many women report that doctors prescribe topical creams that treat the symptom, not the cause. If the source is gut health — and for many it is — addressing the gut often resolves what creams couldn't.","","","","","","","","","","","","","","","","",""
"GG-05","","Women 30-50+","The Scratch You Can't Mention","The Cream Graveyard","Pruritus Relief · Gut-Skin Connection · Microbiome Balance · Digestive Regularity","Her bathroom cabinet has a graveyard of creams, wipes, and ointments. She's tried everything external. Nothing has worked long-term because the problem isn't external — it's coming from inside her gut.","Every new product gives her hope. Every failure deepens the despair. She's spent hundreds of dollars on things that promise relief and deliver a day or two before the itch returns. The fear: she's run out of products to try. The medical system has failed her. She's starting to believe this is permanent — a condition she'll manage forever, not something she can actually fix.","PROBLEM:
 Preparation H. Desitin. Witch hazel wipes. Coconut oil. The prescription cream your doctor gave you. The $40 organic balm from that wellness blog. Your bathroom cabinet is a graveyard of products that didn't work. They all provide a few hours of relief — maybe a day — and then the itch comes back. Because every product you've tried treats the surface. The cause is 8 inches inside your gut.
 
 SOLUTION:
 Gut Guardian works from the inside out. Probiotics correct the bacterial imbalance that produces inflammatory compounds reaching the perianal area. Fiber ensures complete daily elimination — no residue, no irritation. L-Glutamine heals the gut lining, reducing the inflammation that manifests externally. The creams treat where it itches. Gut Guardian treats why it itches.
 
 PROMISE:
 Empty the cream graveyard. Fix the source.","BEFORE: Bathroom cabinet full of failed creams and wipes
 AFTER: Cabinet cleared out because she doesn't need them anymore
 
 BEFORE: Reapplying cream 3 times a day for temporary relief
 AFTER: No cream, no wipes, no ointment — because the itch is gone
 
 BEFORE: Spending $50/month on products that manage the symptom
 AFTER: Spending $39/month on fixing the cause","1. I Spent $400 on Creams for a Problem That Was Coming From My Gut. Not One Doctor Told Me.
 
 2. The Cream Graveyard Under My Sink: 14 Products That Didn't Work Because They Were Treating the Wrong Thing.
 
 3. You Keep Treating the Symptom on the Outside. The Cause Is on the Inside. In Your Gut.
 
 4. When No Cream in the World Fixes the Problem, Maybe the Problem Isn't Where You're Putting the Cream.
 
 5. 14 Creams. Zero Relief. Then One Gut Cleanse Fixed What Nothing Else Could.","I could open a pharmacy with the creams under my bathroom sink. 14 different products. Prescription, over-the-counter, natural, you name it. Hundreds of dollars. Nothing worked for more than a day. Then I read that gut bacteria causes this and tried this cleanse. 3 weeks. GONE. 14 creams couldn't do what one gut cleanse did.","Hook 1: 14 creams. Hundreds of dollars. Zero relief. Then one gut cleanse fixed it in 3 weeks. The cause was never on the outside.
 
 Hook 2: POV: Your bathroom cabinet is a graveyard of creams that didn't work. Because the problem is in your gut, not on your skin.
 
 Hook 3: When I tell you I tried EVERYTHING for this problem... 14 products. The fix was a gut cleanse. Not a single doctor mentioned it.","✓ Product failure cycle creates frustration and despair — each failed cream deepens hopelessness
 
 ✓ External vs. internal framing is the key insight: treating surface vs. treating source
 
 ✓ Cost comparison (hundreds on creams vs. $39/month) is a compelling rational argument
 
 ✓ The 'cream graveyard' visual is immediately relatable and creates instant recognition","Q: ""My prescription cream works fine.""
 A: If you're reapplying multiple times daily and the itch always returns, the cream is managing the symptom — not solving it. Creams address inflammation at the site. Gut Guardian addresses the inflammation at the source. One keeps you buying cream forever. The other potentially ends the need.
 
 Q: ""How can a drink fix something... down there?""
 A: The gut-skin connection is well-documented. Your gut produces inflammatory compounds and bacterial byproducts that circulate throughout your body. When your gut is inflamed or bacteria are imbalanced, it shows up in your skin — including the perianal area. Fix the gut environment and the downstream symptoms often resolve.","","","","","","","","","","","","","","","","",""
"GG-06","","Women 30-50+","The Metamucil Upgrade","The Label Flip","Cleaner Ingredients · Taste Upgrade · Product Consolidation · Competitor Displacement","She's been drinking Metamucil for years without reading the label. The moment she does — maltodextrin, aspartame, artificial orange coloring — she can't unsee it. The shock of what she's been putting in her body 'for health' is the conversion moment.","She trusted Metamucil. It's been in her cabinet for years, maybe decades. Her mother took it. Her doctor recommended it. Flipping the label and seeing what's actually in it feels like a betrayal — she's been taking something 'for her gut' that contains ingredients working against her health. The fear: what else has she been wrong about? How much damage has years of maltodextrin and artificial sweeteners done?","PROBLEM:
 You've been taking Metamucil every day. Maybe for years. Your doctor recommended it. Your mom took it. It's the 'gut health' brand you trust. But have you read the label? Maltodextrin (a blood sugar spiker). Aspartame or sucralose (artificial sweeteners linked to gut microbiome disruption). Artificial orange coloring. Sugar in the 'regular' version. You've been taking a product 'for gut health' that contains ingredients that damage gut health. Every single day.
 
 SOLUTION:
 Gut Guardian: organic soluble fiber from Guar Bean, Acacia, and Jerusalem Artichoke. 4 billion live probiotics. Organic ginger. Apple Cider Vinegar. L-Glutamine. Zero sugar. No artificial sweeteners. No artificial colors. No maltodextrin. Everything Metamucil should have been — and nothing it shouldn't be.
 
 PROMISE:
 Read the Metamucil label. Then read this one. The switch makes itself.","BEFORE: Metamucil label: maltodextrin, aspartame, artificial orange color
 AFTER: Gut Guardian label: organic fiber, live probiotics, ginger, ACV, L-Glutamine
 
 BEFORE: Taking a 'health product' with ingredients that harm gut bacteria
 AFTER: Taking a product where every ingredient actually supports gut health
 
 BEFORE: Choking down orange sludge every morning for 10 years
 AFTER: Actually looking forward to the morning drink — watermelon mint or lemon ginger","1. Flip Your Metamucil Around. Read the Ingredients. Maltodextrin. Aspartame. Artificial Dyes. That's Your 'Health' Product.
 
 2. You're Taking Metamucil for Your Gut Health. It's Full of Artificial Sweeteners and Food Dye. Make It Make Sense.
 
 3. I Trusted Metamucil for 10 Years. Then I Flipped the Label. Then I Switched.
 
 4. POV: You Just Read the Back of Your Metamucil and You Feel Betrayed.
 
 5. Metamucil Has Aspartame and You're Taking It Every Day for Your Health. The Irony.
 
 6. Your 'Fiber Supplement' Has More Artificial Ingredients Than a Bag of Skittles.","I took Metamucil for 10 YEARS. Every morning. Thought I was doing something good for my gut. Then someone told me to flip the label. Maltodextrin? Aspartame? YELLOW 6?? For a health product?? Switched to Gut Guardian and not only are the ingredients clean — it actually works better. I go every morning now. With Metamucil I was still only going every other day.","Hook 1: Read the back of your Metamucil. I'll wait. Maltodextrin. Aspartame. Yellow 6. Now look at this. Organic fiber. Probiotics. Ginger. Zero sugar. You've been scammed.
 
 Hook 2: POV: You trusted Metamucil for a decade and just realized it has artificial sweeteners and food dye. The betrayal is real.
 
 Hook 3: Your grandma took Metamucil. Your mom took Metamucil. You take Metamucil. None of you ever flipped the label. Until now.
 
 Hook 4: I was today years old when I learned Metamucil has aspartame in it. Switched to this and never looked back.","✓ Label comparison is the single most effective conversion tool — let the ingredients speak
 
 ✓ Metamucil's trust comes from longevity and doctor recommendations — the label shocks because of that trust
 
 ✓ Maltodextrin spikes blood sugar more than table sugar — devastating for the health-conscious demo
 
 ✓ The 'betrayal' emotion (trusted brand let me down) drives stronger switching behavior than simple comparison","Q: ""My doctor recommended Metamucil.""
 A: Many doctors recommend Metamucil for the fiber — and the fiber does work. But the delivery vehicle includes maltodextrin, artificial sweeteners, and artificial colors. Ask your doctor if they'd recommend the same fiber from cleaner sources. Most would.
 
 Q: ""Metamucil is cheaper.""
 A: Per day, yes — about $0.75 vs $1.30. But Metamucil is ONLY psyllium fiber. Gut Guardian includes fiber PLUS probiotics ($0.50-$1/day separately) PLUS prebiotics PLUS ginger PLUS ACV PLUS L-Glutamine. It replaces 3 products, not 1. Total cost comparison: Gut Guardian wins.","","","","","","","","","","","","","","","","",""
"GG-06","","Women 30-50+","The Metamucil Upgrade","The 3-for-1 Consolidation","Cleaner Ingredients · Taste Upgrade · Product Consolidation · Competitor Displacement","She's currently taking Metamucil + a standalone probiotic + maybe ACV gummies or Tums. Three products. Three costs. Three things to remember. Gut Guardian replaces all three with one drink — and does each job better.","Her supplement cabinet is overwhelming. She's spending $50-$80/month on gut-related products and still not feeling great. The fear: she's wasting money on a patchwork approach that isn't working, but she doesn't know what to cut or change because each product supposedly does something different. The real fear: she'll simplify and get worse.","PROBLEM:
 Let's count your gut supplements. Metamucil for fiber. A probiotic capsule for gut bacteria. Maybe ACV gummies for digestion. Maybe Tums for the heartburn. That's 3-4 products, $50-$80/month, and you're STILL bloated, irregular, and uncomfortable. Because a patchwork of single-purpose products doesn't create a cohesive gut environment — it creates a medicine cabinet that makes you feel like a patient instead of a person.
 
 SOLUTION:
 Gut Guardian consolidates the stack. 4g organic fiber (replaces Metamucil). 4 billion live probiotics from 3 strains (replaces standalone probiotic). Organic prebiotics that feed the probiotics (often missing entirely). ACV for digestive support (replaces the gummies). Ginger for inflammation (replaces Tums for many). L-Glutamine for gut lining repair (bonus most people don't even know they need). One drink. One product. Everything working together instead of separately.
 
 PROMISE:
 Replace the supplement shelf. One drink. Everything your gut needs. Nothing it doesn't.","BEFORE: 3-4 separate gut products, $50-$80/month, still feeling bad
 AFTER: One product, ~$39/month, actually feeling better
 
 BEFORE: Taking pills, powders, gummies at different times of day
 AFTER: One morning drink and you're done
 
 BEFORE: A supplement cabinet that makes you feel like a patient
 AFTER: A single daily ritual that makes you feel like yourself","1. You're Paying for Metamucil + a Probiotic + ACV Gummies Separately. That's $75/Month. This Is $1.30/Day and Replaces All 3.
 
 2. I Was Taking 3 Gut Products Every Morning. Now I Take 1. It Costs Less. And It Actually Works.
 
 3. Metamucil + Probiotic + Apple Cider Vinegar = $900/Year. Or Just Drink This for $39/Month.
 
 4. POV: You Simplified Your Entire Gut Routine Into One Packet and Saved $500/Year.
 
 5. 3 Bottles on My Counter Became 1 Packet. Same Benefits. Better Results. Third of the Price.
 
 6. The Supplement Consolidation That Saved Me $500/Year and Actually Fixed My Gut.","My gut supplement shelf was embarrassing. Metamucil, a probiotic, ACV gummies, digestive enzymes. $80+ a month. Switched to Gut Guardian which has fiber, probiotics, and ACV in one packet. $39/month. Threw away 4 bottles. My gut works BETTER on the one product than it did on four. I'm mad I didn't switch sooner.","Hook 1: How many gut supplements are you taking right now? I was at 4. Now I'm at 1. Better results. Third of the price. Let me show you.
 
 Hook 2: POV: You just replaced your Metamucil, probiotic, and ACV gummies with one $1.30 packet that works better than all 3 combined.
 
 Hook 3: Your gut supplement shelf called. It wants to be one packet. This replaced everything and actually works.
 
 Hook 4: Metamucil + probiotic + ACV gummies = $75/month. This is $39/month and replaces all of them. I'm not great at math but even I know that's a deal.","✓ Product consolidation is a rational AND emotional sell — simpler, cheaper, more effective
 
 ✓ The 'patchwork approach' framing helps her understand why individual products haven't worked
 
 ✓ Cost comparison should include ALL gut-related products she's currently buying
 
 ✓ Simplification from 3-4 daily gut rituals to 1 morning drink is a major quality-of-life improvement","Q: ""Can one product really replace three?""
 A: Gut Guardian was formulated specifically to be a complete gut system — not a single-ingredient product. The fiber, probiotics, prebiotics, ACV, ginger, and L-Glutamine work synergistically. It's not doing three jobs separately — it's doing one job (gut health) completely.
 
 Q: ""What if it doesn't work and I've stopped my other products?""
 A: Start by adding Gut Guardian alongside your current stack. After 2-3 weeks, drop the standalone probiotic first. Then the ACV. Then the fiber. Most women find they've fully transitioned within a month with better results.","","","","","","","","","","","","","","","","",""
"GG-07","","Women 30-50+","The Change of Life Gut","The List Nobody Gave Her","Hormonal Gut Support · Estrogen-Gut Connection · Menopause Symptom Relief · Microbiome Restoration","Hot flashes. Night sweats. Mood changes. She knew about all of those. Bloating, constipation, gas, and a gut that suddenly won't work? Nobody mentioned that. The anger of being blindsided by a symptom nobody prepared her for.","She did her research. She talked to her doctor. She prepared for menopause. And her gut still blindsided her. The fear: what else is coming that nobody warned her about? She feels betrayed by the medical system, by the women before her who didn't mention it, by the menopause resources that listed hot flashes and mood swings but never said 'your digestion is going to fall apart.' She's angry and she's looking for answers.","PROBLEM:
 You knew about the hot flashes. The night sweats. The mood swings. You were prepared. But nobody — not your doctor, not your mother, not the 47 menopause articles you read — mentioned that your digestion would completely change. The bloating. The constipation. The gas that came from nowhere. The belly that inflated overnight. Declining estrogen doesn't just affect your temperature and your mood — it directly reduces gut motility, kills microbiome diversity, and increases gut inflammation. Your gut didn't 'get old.' Menopause changed it at a hormonal level.
 
 SOLUTION:
 Gut Guardian is menopause gut support. Probiotics restore the microbiome diversity that declining estrogen depleted. Fiber compensates for the motility slowdown by maintaining bulk and transit. Ginger calms the inflammation that estrogen used to regulate. L-Glutamine repairs the gut lining that hormonal shifts have weakened. It doesn't replace HRT — it fills the gap HRT doesn't cover.
 
 PROMISE:
 Nobody warned you about the menopause gut. Now there's something for it.","BEFORE: Prepared for hot flashes. Blindsided by bloating.
 AFTER: Managing ALL the symptoms, including the ones nobody mentioned
 
 BEFORE: Assuming her gut problems are just 'getting older'
 AFTER: Understanding the hormonal connection and actively addressing it
 
 BEFORE: HRT for the hot flashes. Nothing for the gut.
 AFTER: HRT + Gut Guardian. Full menopause support.","1. They Warned Me About Hot Flashes. Nobody Warned Me My Gut Would Completely Shut Down.
 
 2. Menopause Symptom List: Hot Flashes ✓ Mood Swings ✓ Night Sweats ✓ Complete Gut Shutdown ✗ WHY NOT.
 
 3. I Was Prepared for Menopause. I Was NOT Prepared for Not Pooping for a Week Straight.
 
 4. POV: Menopause Hit and Your Gut Said 'I'm Done Too.' Nobody Told You This Would Happen.
 
 5. The Menopause Symptom Nobody Talks About: Your Entire Digestive System Goes on Strike.
 
 6. Hot Flashes I Can Handle. Not Pooping for 6 Days While Bloated Beyond Recognition? That Broke Me.","I read every menopause book. I was PREPARED. Hot flashes? Got it. Night sweats? Ready. What I was NOT prepared for was my gut completely shutting down. I went from going every day to going maybe once a week. The bloating was unreal. Nobody told me. Started this gut cleanse and within a week I was going every morning again. This should be on every menopause checklist.","Hook 1: The menopause symptom nobody warns you about: your gut completely shuts down. Not pooping for a week. Bloat that makes you look pregnant. Here's what fixed it.
 
 Hook 2: They gave me the menopause checklist. Hot flashes, night sweats, mood swings. Nobody put 'you will stop pooping' on the list. This gut cleanse saved me.
 
 Hook 3: POV: Menopause hit and suddenly you haven't pooped in a week. Nobody warned you. I found the fix.
 
 Hook 4: If you're in menopause and your gut went haywire — you're not crazy, your estrogen dropped and your gut went with it. This helps.","✓ Estrogen directly regulates gut motility, microbiome diversity, and intestinal inflammation
 
 ✓ The 'nobody warned me' anger is a powerful emotional driver — she feels betrayed by the information gap
 
 ✓ HRT addresses hormonal symptoms but doesn't specifically support gut function
 
 ✓ Framing gut issues as hormonal (not aging) is empowering — it's specific, explainable, and solvable","Q: ""My doctor says gut changes are just part of aging.""
 A: They're not 'just aging' — they're specifically driven by declining estrogen, which reduces gut motility, kills microbiome diversity, and increases inflammation. Understanding the mechanism means you can address it specifically instead of accepting it.
 
 Q: ""I'm on HRT. Shouldn't that handle everything?""
 A: HRT replaces systemic estrogen for hot flashes, bone health, and mood. It doesn't specifically restore gut microbiome diversity, increase fiber intake, or repair the gut lining. Think of Gut Guardian as the gut-specific layer of your menopause protocol.","","","","","","","","","","","","","","","","",""
"GG-07","","Women 30-50+","The Change of Life Gut","The Estrogen-Gut Connection","Hormonal Gut Support · Estrogen-Gut Connection · Menopause Symptom Relief · Microbiome Restoration","The science behind why her gut fell apart during menopause. Estrogen directly regulates gut motility, feeds specific beneficial bacteria, and controls intestinal inflammation. When it declines, everything downstream breaks. This is the educational/authority sub-angle that builds trust through mechanism explanation.","She wants to understand WHY. She's tired of being told 'it's normal' without being told what changed and what she can do about it. The fear: the changes are permanent and irreversible. Understanding the mechanism gives her hope — if estrogen decline caused it, then supporting the gut through that decline can fix it.","PROBLEM:
 Here's what nobody explains: Estrogen is a gut hormone. It regulates the speed of digestion (motility). It maintains the diversity of your gut bacteria. It controls inflammation in the intestinal lining. When estrogen declines during perimenopause and menopause, all three systems degrade simultaneously. Your gut slows down (constipation). Your beneficial bacteria die off (gas, bloating). Your gut lining inflames (discomfort, sensitivity). It's not one problem — it's a cascading system failure triggered by a single hormonal change.
 
 SOLUTION:
 Gut Guardian addresses each cascade point. Probiotics restore microbiome diversity that estrogen depletion reduced. Organic fiber compensates for slowed motility. Ginger and ACV calm the inflammation estrogen used to regulate. L-Glutamine repairs the gut lining that hormonal shifts weakened. It works WITH your changing body instead of pretending the change isn't happening.
 
 PROMISE:
 Your estrogen dropped. Your gut health doesn't have to.","BEFORE: Three gut symptoms with no explanation
 AFTER: Understanding exactly why each one started and how to address it
 
 BEFORE: Thinking her body is just falling apart
 AFTER: Knowing it's a specific hormonal cascade with specific solutions
 
 BEFORE: Random supplements hoping something helps
 AFTER: Targeted gut support designed for the hormonal changes she's experiencing","1. Your Estrogen Drops. Your Gut Motility Drops. Your Microbiome Crashes. Nobody Connects the Dots. Until Now.
 
 2. The Science Behind Why Menopause Wrecks Your Gut (And Why HRT Alone Doesn't Fix It).
 
 3. Estrogen Doesn't Just Control Hot Flashes. It Runs Your Entire Digestive System. When It Drops, Everything Stops.
 
 4. Your Doctor Treats Your Hot Flashes. Who's Treating Your Gut? Because Estrogen Controlled That Too.
 
 5. HRT Fixed My Hot Flashes. It Did Nothing for My Gut. Here's What Did.
 
 6. 3 Systems Estrogen Controls in Your Gut: Motility, Microbiome, Inflammation. All 3 Collapse in Menopause.","I'm on HRT and it's been great for hot flashes. But my gut? Still a disaster. My functional medicine doctor explained that estrogen controls gut motility, your microbiome, and gut inflammation. When it drops, all three go. HRT doesn't fully restore gut function. This gut cleanse targets exactly what HRT misses. I'm finally going every day again.","Hook 1: HRT fixed my hot flashes. It did NOTHING for my gut. Here's why and what actually worked.
 
 Hook 2: Your estrogen controls 3 things in your gut: motility, bacteria balance, and inflammation. In menopause, all 3 collapse. HRT alone can't fix it. This can.
 
 Hook 3: The menopause-gut connection your doctor isn't talking about. Estrogen drops → gut shuts down. Here's the fix that's not HRT.
 
 Hook 4: POV: You're on HRT but your gut is still wrecked. Because HRT wasn't designed to fix your gut. This was.","✓ Educational/mechanism content builds authority and trust with the health-conscious segment
 
 ✓ Three-point cascade (motility + microbiome + inflammation) makes the problem feel explainable and solvable
 
 ✓ Reframing from 'aging' to 'hormonal' is empowering — specific, addressable, not inevitable decline
 
 ✓ Positions Gut Guardian as the informed choice, not just another supplement","Q: ""Is the estrogen-gut connection real science?""
 A: Yes. Estrogen receptors exist throughout the GI tract. Peer-reviewed research demonstrates estrogen's role in gut motility (peristalsis), microbiome composition (particularly Lactobacillus strains), and intestinal inflammation regulation. This isn't alternative — it's established gastroenterology.
 
 Q: ""Should I just take more estrogen then?""
 A: HRT addresses systemic estrogen needs but doesn't specifically target gut function. Even women on HRT often experience gut changes because the localized gut environment needs direct support — fiber, probiotics, anti-inflammatories — that systemic estrogen alone doesn't provide.","","","","","","","","","","","","","","","","",""
"GG-08","","Women 30-50+","When Did I Last Go?","The Counting Days Club","Daily Regularity · Constipation Relief · Laxative Replacement · Digestive Predictability","If she has to think about when she last went, it's been too long. She's normalized going every 3-4 days. She shouldn't have. The counting itself is the diagnostic — healthy elimination is daily, effortless, and forgettable.","She's accepted this as her normal. Going every 3-4 days doesn't alarm her anymore. But the acceptance isn't peaceful — it's resigned. She's tired of the bloating that comes with it. Tired of the heaviness. Tired of sitting on the toilet for 20 minutes with nothing happening. The deeper fear: her body is slowing down and this is just the beginning. The constipation feels like a preview of declining health.","PROBLEM:
 When did you last go? If you have to think about it, it's been too long. You've been going every 3-4 days for so long you think it's normal. It's not. The bloating, the heaviness, the fatigue, the brain fog — they're all downstream effects of a colon that isn't moving. You've tried laxatives (they work once and wreck your day). More water (helped a little). Prunes (let's not talk about prunes). Nothing creates the daily, comfortable regularity you actually want.
 
 SOLUTION:
 Gut Guardian's organic soluble fiber gently increases digestive bulk and promotes natural peristalsis — the wave-like contractions that move waste through your colon. Unlike psyllium husk, these low-FODMAP fibers are gentle on sensitive stomachs. 4 billion live probiotics restore the gut bacteria responsible for proper fermentation and transit time. Organic ginger stimulates digestive motility. L-Glutamine repairs the gut lining for smoother transit. One daily drink. Every morning.
 
 PROMISE:
 Go every morning. Not every third morning.","BEFORE: Counting days since her last bowel movement
 AFTER: Not counting because it happens every morning without thinking
 
 BEFORE: 20 minutes on the toilet scrolling her phone, nothing happening
 AFTER: In and out. Morning routine. Done.
 
 BEFORE: Laxative → urgent purge → nothing for 4 days → repeat
 AFTER: Gentle, daily, predictable elimination without urgency or cramping","1. When Did I Last Poop? If You Have to Think About It, It's Been Too Long.
 
 2. Going Every 3-4 Days Is Not 'Your Normal.' It's Constipation. You've Just Normalized It.
 
 3. You Should Be Pooping Every Day. If That Shocks You, Your Gut Needs This.
 
 4. POV: You Just Realized 'Every Few Days' Isn't Normal. You've Been Constipated for Years.
 
 5. I Thought Going Once a Week Was Fine. Turns Out I Was Carrying 10 Pounds of Backed-Up Waste.
 
 6. The Club Nobody Wants to Be In: Women Who Count Days Between Poops. Here's How to Leave.","I genuinely thought going every 3-4 days was MY normal. Like that's just how my body works. Started this gut cleanse and by day 4 I was going every morning. EVERY MORNING. I literally didn't know my body could do that. The amount of waste that came out in that first week... I had years of stuff stuck in me and I had no idea.","Hook 1: If you have to count the days since your last poop, you need this. You should be going every day. Every. Day. This gut cleanse made it happen.
 
 Hook 2: POV: You started pooping every day for the first time in your life and you're SHOCKED this is what normal feels like.
 
 Hook 3: Going every 3-4 days is not 'your normal.' It's constipation you've accepted. This gut cleanse showed me what real normal looks like.
 
 Hook 4: I was in the counting-days club for 15 years. This gut cleanse kicked me out in a week. Best thing that ever happened to me.","✓ Daily elimination is the biological norm — every 3-4 days is normalized dysfunction, not healthy variation
 
 ✓ The 'counting days' framing creates instant self-recognition and slight discomfort — perfect scroll stopper
 
 ✓ Laxative dependency cycle (use → purge → nothing → repeat) is the competitive replacement narrative
 
 ✓ Constipation is the upstream cause of most other GG angle symptoms (bloating, gas, pouch, discomfort)","Q: ""Going every 2-3 days is normal for me.""
 A: It's common, but 'common' isn't 'normal.' Your body is designed to eliminate daily. If you're going every 2-3 days, waste is sitting in your colon longer than it should — fermenting, producing gas, causing bloating, and potentially reabsorbing toxins. Daily is the goal.
 
 Q: ""I just take a laxative when I need to.""
 A: Laxatives create dependency and urgency. They work by irritating your colon into contracting — which is why they cause cramping and unpredictable timing. Gut Guardian promotes natural peristalsis through fiber and probiotics. No urgency. No cramping. Just your body doing what it's designed to do.","","","","","","","","","","","","","","","","",""
"GG-08","","Women 30-50+","When Did I Last Go?","The Morning Ritual","Daily Regularity · Constipation Relief · Laxative Replacement · Digestive Predictability","Imagine waking up, having your drink, and going. Every single morning. Like clockwork. The aspiration angle — painting a picture of what daily regularity actually feels like for someone who's never experienced it consistently.","She doesn't even know what daily regularity feels like. It's an abstract concept. She's never had a stretch of going every morning effortlessly. The fear: maybe her body just can't do that. Maybe some people are wired for regularity and she isn't. The aspiration feels out of reach, which makes the promise powerful — because when it works, it feels transformative.","PROBLEM:
 You can't remember the last time you went to the bathroom in the morning and it just... happened. No waiting. No straining. No scrolling for 20 minutes hoping. You've never had a reliable morning routine that includes comfortable, complete elimination. It's either nothing or a laxative-driven emergency. There's no in-between. And you've started to believe that's just how your body works.
 
 SOLUTION:
 Gut Guardian creates the conditions for a morning ritual. Fiber taken in the morning promotes overnight bulk formation, so by the time you wake up, your body is ready. Probiotics maintain the bacterial balance that drives consistent transit time. Ginger stimulates the morning motility that most people experience naturally but you've lost. Within 1-2 weeks, the pattern establishes. Within a month, it's automatic.
 
 PROMISE:
 Wake up. Drink. Go. Every morning. It becomes as automatic as brushing your teeth.","BEFORE: No idea when or if she'll go today
 AFTER: Knows it'll happen within 30 minutes of her morning drink
 
 BEFORE: Morning routine that includes hope and frustration
 AFTER: Morning routine that includes comfortable, predictable elimination
 
 BEFORE: Believing her body 'just isn't regular'
 AFTER: Discovering her body CAN be regular when given the right support","1. Wake Up. Drink This. Poop. Like Clockwork. Every Single Morning. That's the Promise.
 
 2. I Have a Morning Routine Now: Coffee, Gut Cleanse, Best Poop of My Life. Repeat.
 
 3. The Only Morning Routine That Actually Changed My Life Involves a Toilet. I'm Not Kidding.
 
 4. POV: You Wake Up, Drink This, and 20 Minutes Later You Go. Every Morning. Like Magic.
 
 5. I Used to Dread Mornings Because I Knew My Gut Wouldn't Cooperate. Now I LOOK FORWARD to It.
 
 6. My Morning Poop Is Now the Best Part of My Day. I Said What I Said.","I'm that person now. I wake up, drink my Gut Guardian, and 20 minutes later I go. Every. Single. Morning. It's like clockwork. Before this I'd go maybe twice a week and it was always painful. Now it's smooth, easy, and done before I leave for work. My whole day is different when I start it empty.","Hook 1: My morning routine: wake up, drink this gut cleanse, poop like a champion 20 minutes later. Every day. I've never been more regular in my life.
 
 Hook 2: POV: You actually look forward to your morning bathroom trip now because it's smooth, easy, and done in 5 minutes. Thank you gut cleanse.
 
 Hook 3: The morning routine nobody talks about but everyone needs. Wake up. Drink this. Poop. Feel amazing. Repeat forever.
 
 Hook 4: I used to sit on the toilet for 45 minutes praying. Now I'm in and out in 5 minutes every morning. This gut cleanse is a cheat code.","✓ The aspiration framing works because many women in this demo have NEVER experienced consistent daily regularity
 
 ✓ The 'morning ritual' language positions it as a lifestyle upgrade, not a medical intervention
 
 ✓ Timeline framing (week 1, week 2, week 3) sets realistic expectations and builds anticipation
 
 ✓ The discovery narrative ('I didn't know this was possible') is emotionally powerful and highly shareable","Q: ""I've tried fiber before and it didn't make me regular.""
 A: Most fiber products (Metamucil, psyllium capsules) provide fiber alone. Regularity requires fiber AND the right bacteria AND motility stimulation AND a healthy gut lining. Gut Guardian provides the complete system — that's why it works when standalone fiber didn't.
 
 Q: ""Every morning sounds too good to be true.""
 A: It does. And we get that skepticism. But 'every morning' is actually the biological default — it's what a healthy gut does naturally. You're not adding something unnatural. You're restoring what your body lost. Start with the 30-day expectation and see for yourself.","","","","","","","","","","","","","","","","",""
"GG-08","","Women 30-50+","When Did I Last Go?","The Everything-Else-Gets-Better Cascade","Daily Regularity · Constipation Relief · Laxative Replacement · Digestive Predictability","When she starts going every day, the bloating drops. The energy returns. The brain fog lifts. The mood improves. Constipation was the bottleneck — and fixing it unlocks improvements she didn't even know were connected.","She's been treating symptoms individually — bloating remedies, energy supplements, focus hacks, mood support. The fear: she's been chasing downstream effects while the upstream cause (constipation) was sitting there the whole time. The deeper realization: if constipation caused all of this, how much of her declining quality of life is actually reversible?","PROBLEM:
 You're bloated. You're tired. The brain fog rolls in by 2 PM. Your mood is flat. You've been addressing each of these separately — bloating supplements, energy drinks, focus apps, mood support. But what if they're all connected? What if the bloating is from waste sitting in your colon? The fatigue is from your body working overtime to process backed-up waste? The brain fog is from gut-derived inflammation reaching your brain? The mood is from a gut-brain axis that's disrupted by constipation? What if fixing ONE thing fixes everything?
 
 SOLUTION:
 Gut Guardian addresses the upstream cause. When daily elimination is restored, waste stops accumulating (less bloating). The colon stops working overtime (more energy). Gut inflammation decreases (less brain fog). The gut-brain axis normalizes (better mood). One product. One fix. A cascade of improvements that all started with going every morning.
 
 PROMISE:
 Fix the gut. Watch everything else follow.","BEFORE: Bloated, tired, foggy, flat — treating each separately
 AFTER: All four improving because she fixed the one thing causing all of them
 
 BEFORE: 5 supplements for 5 symptoms
 AFTER: 1 product addressing the root cause
 
 BEFORE: Declining quality of life she assumed was 'just aging'
 AFTER: Quality of life improving because it was never about age — it was about her gut","1. Fix the Poop. Fix Everything. Bloating Gone. Energy Back. Brain Fog Cleared. Skin Cleared. It All Traces Back to Your Gut.
 
 2. I Started This Gut Cleanse for Constipation. Then My Bloating Disappeared. Then My Energy Came Back. Then My Skin Cleared. Then—
 
 3. The Domino Effect: One Gut Cleanse Fixed 5 Problems I Thought Were Unrelated.
 
 4. POV: You Fixed Your Poop and Your Bloating, Energy, Brain Fog, and Skin All Fixed Themselves.
 
 5. Everything Is Connected to Your Gut. Fix the Gut, Fix Everything. I Didn't Believe It Either.
 
 6. I Came for the Constipation. I Stayed for the Energy, Clear Skin, Zero Bloating, and Flat Stomach.","I started this gut cleanse because I couldn't poop. That's it. Just wanted to poop. Then the bloating went away. Then my energy came back. Then the brain fog cleared. Then my skin cleared up. Then I lost 8 pounds without trying. It was like a cascade — fix the poop and everything else fixes itself. I sound crazy but I promise I'm not.","Hook 1: I started this for constipation. Then my bloating vanished. Then my energy came back. Then my skin cleared. Then I lost 8 pounds. Everything traces back to your gut.
 
 Hook 2: Fix the poop, fix everything. I know it sounds too simple but this gut cleanse proved it. Constipation → bloating → brain fog → fatigue → skin. ALL connected. ALL fixed.
 
 Hook 3: POV: You start a gut cleanse for one thing and accidentally fix 5 other problems you didn't know were related.
 
 Hook 4: The domino effect is REAL. Started pooping every day and my bloating, energy, brain fog, skin, and mood ALL improved. It all traces back to the gut.","✓ Constipation as upstream cause of multiple symptoms is a powerful reframing
 
 ✓ The cascade narrative makes one product feel like it addresses her entire symptom complex
 
 ✓ Product consolidation story: one product replacing multiple symptom-specific supplements
 
 ✓ 'Just aging' reframe — attributing symptoms to gut dysfunction instead of inevitable decline is empowering","Q: ""That sounds like it fixes everything. Nothing does that.""
 A: It doesn't fix everything. It fixes constipation — which happens to be the upstream cause of bloating (waste sitting), fatigue (body working overtime), brain fog (gut inflammation), and mood (gut-brain axis). The cascade is real because the connection is real. Not magic — biology.
 
 Q: ""My fatigue/fog is probably something else.""
 A: It might be. But if you're also constipated, there's a strong chance the gut is contributing. Try fixing the constipation first — it's the simplest, most addressable variable. If the other symptoms improve, you've found the bottleneck. If they don't, you've at least eliminated one variable.","","","","","","","","","","","","","","","","",""